Swarm Size,Region Type,Filter Type,Air Processed (m³/day),PM2.5 Removed (g),CO₂ Removed (kg),Cost/Drone/Day ($),Energy Used (kWh),$/Ton Pollutant,Notes
500,Tropical Forest Edge,Mycelium,11195610,356,12981,1.78,1822.19,68.56,Optimized
100000,Coastal,Activated Carbon,2056875296,147801,1661867,2.12,278212.7,127.56,Optimized
25000,Industrial,Activated Carbon,660304238,47577,724609,2.05,78202.33,70.72,Optimized
500,Urban Dense,Zeolite,12880085,785,14241,2.45,1491.77,86.02,Optimized
100000,Urban Dense,Nano-Cellulose,2584488056,200822,2849177,1.29,350320.44,45.27,Optimized
5000,Urban Dense,Zeolite,111257543,8651,99076,2.45,19760.82,123.63,Optimized
100,Smog Belt,Zeolite,1989687,102,2123,1.64,324.51,77.24,Optimized
1000,Smog Belt,Nano-Cellulose,21829021,1433,14502,1.98,4496.92,136.52,Optimized
100,Coastal,Mycelium,2012020,136,1021,2.47,337.46,241.81,Needs filter redesign
500,Urban Dense,Hybrid (Carbon+Gel),11858978,791,9965,1.91,1545.19,95.83,Optimized
500,Urban Dense,Hybrid (Carbon+Gel),11727955,827,13132,1.59,1814.28,60.54,Optimized
50000,Tropical Forest Edge,Mycelium,1034061999,51826,666417,1.62,177191.53,121.54,Optimized
100,Tropical Forest Edge,Nano-Cellulose,2716562,156,1934,1.69,419.94,87.39,Optimized
1000,Smog Belt,Mycelium,18416151,1237,24311,1.54,2944.06,63.34,Optimized
5000,Coastal,Mycelium,109010147,4332,103443,1.24,19604.71,59.93,Optimized
1000,Industrial,Hybrid (Carbon+Gel),24855622,1560,19298,2.42,4177.47,125.39,Optimized
10000,Smog Belt,Nano-Cellulose,196901843,15434,161953,1.75,25869.82,108.05,Optimized
100000,Industrial,Zeolite,2368378082,89767,2670126,2.48,421270.26,92.88,Optimized
1000,Coastal,Nano-Cellulose,18342243,1077,26652,2.39,2791.17,89.67,Optimized
5000,Urban Dense,Mycelium,92538142,3731,66465,1.99,12878.96,149.69,Optimized
500,Tropical Forest Edge,Hybrid (Carbon+Gel),9518484,548,11145,1.76,2204.1,78.95,Optimized
50000,Tropical Forest Edge,Zeolite,1298419359,79356,1351623,1.55,160048.42,57.34,Optimized
10000,Smog Belt,Mycelium,223396104,17370,310650,1.39,43579.76,44.74,Optimized
100,Urban Dense,Activated Carbon,2745449,138,3045,1.42,421.15,46.62,Optimized
1000,Coastal,Activated Carbon,20832807,677,15111,2.21,3836.29,146.25,Optimized
100000,Coastal,Hybrid (Carbon+Gel),2760629645,210131,2125120,2.06,268151.28,96.93,Optimized
100000,Coastal,Nano-Cellulose,1816797926,126675,2265933,2.27,449156.19,100.17,Optimized
100000,Smog Belt,Zeolite,1900073256,141804,2787391,1.84,439467.77,66.01,Optimized
25000,Smog Belt,Zeolite,598823425,31655,702716,2.0,92242.03,71.15,Optimized
25000,Tropical Forest Edge,Hybrid (Carbon+Gel),539433096,27407,613321,2.24,100461.52,91.3,Optimized
5000,Industrial,Hybrid (Carbon+Gel),106759507,4352,107384,1.68,16695.19,78.22,Optimized
25000,Coastal,Zeolite,677853014,47613,416830,2.37,64214.98,142.13,Optimized
500,Tropical Forest Edge,Mycelium,10485032,537,10537,2.32,1938.77,110.08,Optimized
100,Urban Dense,Mycelium,2294351,153,1741,2.1,304.84,120.64,Optimized
500,Coastal,Zeolite,11899826,433,14282,1.72,1868.69,60.21,Optimized
100,Smog Belt,Mycelium,2181066,119,1595,2.21,273.61,138.52,Optimized
1000,Smog Belt,Nano-Cellulose,19462173,1142,11665,2.3,2536.17,197.15,Needs filter redesign
25000,Smog Belt,Mycelium,692877759,29554,504793,2.33,81313.81,115.39,Optimized
1000,Urban Dense,Activated Carbon,19913137,657,11422,1.97,2787.77,172.46,Needs filter redesign
100,Smog Belt,Nano-Cellulose,2706997,115,1957,1.69,426.29,86.36,Optimized
50000,Industrial,Mycelium,1277830180,74996,1426292,1.78,197555.88,62.4,Optimized
1000,Industrial,Mycelium,23957605,1827,33491,2.0,4121.68,59.71,Optimized
5000,Smog Belt,Hybrid (Carbon+Gel),92771443,3670,93766,1.68,18583.87,89.58,Optimized
100,Urban Dense,Activated Carbon,1914105,107,2785,2.27,278.65,81.5,Optimized
100000,Urban Dense,Hybrid (Carbon+Gel),2414439260,121521,2108819,2.48,302240.03,117.59,Optimized
500,Tropical Forest Edge,Hybrid (Carbon+Gel),13963337,713,7096,1.31,2208.16,92.29,Optimized
100,Urban Dense,Activated Carbon,2330232,143,3045,1.42,427.94,46.63,Optimized
25000,Coastal,Hybrid (Carbon+Gel),501326372,33161,421448,2.46,103527.58,145.91,Optimized
10000,Coastal,Nano-Cellulose,271862006,20554,338894,1.32,31406.32,38.95,Optimized
100000,Smog Belt,Hybrid (Carbon+Gel),2248035170,91514,1149264,2.43,259229.96,211.42,Needs filter redesign
10000,Coastal,Nano-Cellulose,246690624,14641,222951,1.57,41266.6,70.41,Optimized
100,Urban Dense,Nano-Cellulose,2463897,79,3285,1.29,384.54,39.27,Optimized
1000,Smog Belt,Activated Carbon,26739014,1576,31530,2.22,4286.0,70.41,Optimized
1000,Industrial,Mycelium,24337458,1895,30391,2.07,3322.09,68.11,Optimized
10000,Coastal,Hybrid (Carbon+Gel),263268371,17110,255505,2.41,26512.32,94.32,Optimized
500,Tropical Forest Edge,Hybrid (Carbon+Gel),10205497,709,9687,1.94,1934.62,100.13,Optimized
1000,Smog Belt,Activated Carbon,23812571,1492,20289,1.34,3541.37,66.04,Optimized
100000,Coastal,Zeolite,2744699426,177586,2528312,1.5,341396.27,59.32,Optimized
100,Smog Belt,Activated Carbon,2747058,181,3200,2.35,257.18,73.42,Optimized
100000,Tropical Forest Edge,Activated Carbon,2019398514,67615,3011031,1.86,416974.74,61.77,Optimized
10000,Tropical Forest Edge,Activated Carbon,241865739,10865,147251,1.99,32756.92,135.13,Optimized
100,Coastal,Activated Carbon,1889717,75,2834,1.7,286.39,59.99,Optimized
10000,Urban Dense,Zeolite,212380658,12762,113054,1.81,41648.47,160.08,Needs filter redesign
5000,Tropical Forest Edge,Zeolite,122012354,5074,111072,1.54,14489.36,69.32,Optimized
50000,Tropical Forest Edge,Nano-Cellulose,1146308858,64840,1665058,1.94,192994.13,58.25,Optimized
100,Industrial,Nano-Cellulose,2494903,129,3026,2.21,371.4,73.02,Optimized
1000,Coastal,Zeolite,21296744,656,25308,1.55,4444.65,61.24,Optimized
10000,Urban Dense,Activated Carbon,206630832,9073,306650,2.28,29714.47,74.35,Optimized
25000,Urban Dense,Zeolite,455982586,14484,563121,2.36,96716.1,104.77,Optimized
100,Smog Belt,Activated Carbon,2743748,87,3695,1.37,315.85,37.07,Optimized
10000,Industrial,Hybrid (Carbon+Gel),279223845,14515,140499,2.39,44413.88,170.09,Needs filter redesign
50000,Urban Dense,Hybrid (Carbon+Gel),950955842,61584,1189798,1.77,172914.94,74.38,Optimized
500,Urban Dense,Zeolite,10096860,623,13672,1.88,1632.91,68.75,Optimized
1000,Tropical Forest Edge,Hybrid (Carbon+Gel),23500771,909,18399,2.05,2918.85,111.41,Optimized
100000,Tropical Forest Edge,Hybrid (Carbon+Gel),2093225108,127643,2967498,2.35,279892.99,79.19,Optimized
100,Tropical Forest Edge,Hybrid (Carbon+Gel),2382459,89,2748,2.02,287.16,73.5,Optimized
1000,Industrial,Mycelium,20421541,1448,18630,2.32,2827.89,124.52,Optimized
500,Coastal,Nano-Cellulose,12708908,851,9978,1.42,2039.11,71.15,Optimized
1000,Industrial,Mycelium,24887087,1631,25419,1.39,3218.71,54.68,Optimized
500,Urban Dense,Zeolite,9259492,420,6189,2.1,2025.81,169.64,Needs filter redesign
500,Industrial,Zeolite,9819989,785,6057,1.49,1322.23,122.98,Optimized
5000,Coastal,Mycelium,117992730,6396,113771,1.9,16141.57,83.5,Optimized
50000,Industrial,Activated Carbon,1250794670,46262,1700600,1.32,191871.62,38.81,Optimized
25000,Urban Dense,Mycelium,577467795,34438,598771,1.69,89089.6,70.56,Optimized
1000,Smog Belt,Hybrid (Carbon+Gel),23364658,1542,25652,1.45,3860.18,56.52,Optimized
1000,Smog Belt,Hybrid (Carbon+Gel),24281495,1013,12319,1.61,2633.53,130.68,Optimized
100,Industrial,Mycelium,2514294,113,3072,1.32,416.93,42.97,Optimized
25000,Urban Dense,Mycelium,669435925,37712,361793,2.25,93037.37,155.46,Needs filter redesign
1000,Industrial,Zeolite,22548888,683,15754,1.24,2697.9,78.71,Optimized
50000,Smog Belt,Mycelium,984372355,75396,1294285,1.79,210659.1,69.15,Optimized
100,Smog Belt,Hybrid (Carbon+Gel),2733805,214,1868,1.86,292.93,99.57,Optimized
50000,Urban Dense,Activated Carbon,1174194529,74674,622942,1.45,205477.75,116.37,Optimized
100,Smog Belt,Activated Carbon,2001489,60,1470,2.02,414.1,137.42,Optimized
10000,Industrial,Activated Carbon,205270898,7372,187129,1.94,44358.21,103.67,Optimized
500,Tropical Forest Edge,Zeolite,11576692,714,6939,2.28,2106.02,164.27,Needs filter redesign
100,Smog Belt,Mycelium,1823768,114,1093,1.54,330.8,140.91,Optimized
1000,Smog Belt,Zeolite,23901415,991,24667,1.77,4149.68,71.75,Optimized
5000,Urban Dense,Zeolite,111592736,5824,124219,1.53,18440.8,61.58,Optimized
5000,Tropical Forest Edge,Hybrid (Carbon+Gel),138573327,6905,70739,1.96,17329.59,138.52,Optimized
50000,Tropical Forest Edge,Zeolite,1220059808,91018,1053645,1.37,166537.61,65.01,Optimized
1000,Tropical Forest Edge,Zeolite,19976239,1186,18426,1.2,3353.68,65.12,Optimized
100000,Industrial,Zeolite,2391513598,169343,1530467,2.38,412634.78,155.49,Needs filter redesign
1000,Tropical Forest Edge,Nano-Cellulose,18121549,792,24801,1.4,3703.4,56.45,Optimized
25000,Coastal,Hybrid (Carbon+Gel),588133174,26340,759477,1.42,68446.6,46.74,Optimized
10000,Tropical Forest Edge,Zeolite,249112909,13090,249862,1.31,41466.08,52.43,Optimized
5000,Tropical Forest Edge,Nano-Cellulose,115845065,6560,143699,1.36,14113.48,47.32,Optimized
50000,Smog Belt,Mycelium,1329989144,59060,1924200,2.03,137305.35,52.75,Optimized
100000,Urban Dense,Zeolite,2325700400,85218,3244281,1.21,390855.43,37.3,Optimized
500,Industrial,Mycelium,13543782,539,15438,1.58,1372.82,51.17,Optimized
50000,Smog Belt,Activated Carbon,1389907548,50412,1998701,2.18,125436.3,54.53,Optimized
1000,Coastal,Mycelium,22062077,1085,22808,1.79,2717.82,78.48,Optimized
50000,Urban Dense,Nano-Cellulose,1087298990,36054,956061,1.85,180448.89,96.75,Optimized
5000,Industrial,Activated Carbon,107624527,8199,126039,1.41,12959.62,55.93,Optimized
500,Urban Dense,Nano-Cellulose,12477759,491,7645,1.4,1333.81,91.56,Optimized
10000,Coastal,Mycelium,230911934,11686,251923,1.91,26459.53,75.81,Optimized
500,Urban Dense,Mycelium,9449418,675,8544,2.03,1863.09,118.79,Optimized
100,Urban Dense,Activated Carbon,2274304,101,2897,2.04,449.87,70.41,Optimized
500,Coastal,Zeolite,11992907,442,12676,2.3,1284.45,90.72,Optimized
500,Industrial,Hybrid (Carbon+Gel),10231079,540,12328,1.52,1266.88,61.65,Optimized
1000,Urban Dense,Hybrid (Carbon+Gel),25250310,1182,29376,1.47,3768.03,50.04,Optimized
5000,Coastal,Activated Carbon,126733094,9203,114632,2.48,15268.36,108.16,Optimized
10000,Coastal,Activated Carbon,221400584,17588,235153,2.41,26273.79,102.48,Optimized
100,Smog Belt,Hybrid (Carbon+Gel),2059216,101,2435,2.4,297.94,98.56,Optimized
25000,Urban Dense,Zeolite,653064359,51370,600730,1.96,108318.61,81.56,Optimized
5000,Coastal,Zeolite,139233307,5866,183238,2.29,16082.28,62.49,Optimized
100,Coastal,Hybrid (Carbon+Gel),2736187,119,3503,2.42,332.59,69.08,Optimized
5000,Coastal,Nano-Cellulose,123125946,5608,95780,2.11,21542.07,110.14,Optimized
100,Smog Belt,Hybrid (Carbon+Gel),2526788,80,2035,2.0,448.58,98.3,Optimized
500,Tropical Forest Edge,Mycelium,13606192,821,18439,2.38,2002.3,64.53,Optimized
100,Coastal,Mycelium,1907716,144,1287,1.22,444.87,94.81,Optimized
1000,Industrial,Nano-Cellulose,21094247,978,15700,2.47,4398.6,157.31,Needs filter redesign
25000,Urban Dense,Zeolite,685115931,29568,541117,1.76,94871.91,81.31,Optimized
100000,Tropical Forest Edge,Hybrid (Carbon+Gel),2401377827,188504,2494740,1.59,369605.13,63.73,Optimized
10000,Coastal,Zeolite,222862052,10514,174155,1.39,31019.97,79.81,Optimized
5000,Smog Belt,Mycelium,112033511,8334,69356,1.4,16259.84,100.92,Optimized
1000,Coastal,Zeolite,20224403,1129,21846,1.24,3964.25,56.76,Optimized
100,Smog Belt,Hybrid (Carbon+Gel),2176641,108,2721,1.94,290.77,71.3,Optimized
25000,Coastal,Activated Carbon,514849422,32764,680096,2.27,88183.75,83.44,Optimized
10000,Coastal,Activated Carbon,262518432,20946,293745,1.82,41352.77,61.95,Optimized
500,Smog Belt,Hybrid (Carbon+Gel),11574727,716,13625,1.66,1584.26,60.92,Optimized
500,Industrial,Mycelium,13921988,670,16052,2.48,1498.34,77.25,Optimized
1000,Industrial,Zeolite,21255880,876,16661,2.05,2757.13,123.03,Optimized
5000,Urban Dense,Hybrid (Carbon+Gel),110889677,5472,69920,1.53,13879.06,109.4,Optimized
10000,Industrial,Hybrid (Carbon+Gel),216407385,12858,253014,2.02,43955.99,79.83,Optimized
10000,Urban Dense,Mycelium,228087730,14188,245697,1.97,37099.08,80.18,Optimized
50000,Coastal,Hybrid (Carbon+Gel),1263909867,55659,1821318,1.53,177407.67,42.0,Optimized
1000,Smog Belt,Nano-Cellulose,18317321,899,14719,1.92,2808.15,130.43,Optimized
50000,Industrial,Nano-Cellulose,1198879622,86572,664765,1.97,154252.61,148.15,Optimized
50000,Smog Belt,Zeolite,1144786038,84613,925734,1.83,143341.63,98.83,Optimized
25000,Industrial,Zeolite,623595966,45340,566582,2.03,89219.6,89.57,Optimized
100000,Urban Dense,Activated Carbon,2223466662,164062,3210134,1.3,359710.89,40.49,Optimized
500,Industrial,Nano-Cellulose,13322926,867,10080,1.26,1752.37,62.5,Optimized
5000,Coastal,Activated Carbon,118749130,8229,64361,2.05,15961.81,159.24,Needs filter redesign
5000,Smog Belt,Mycelium,112375595,4667,146670,2.07,15187.85,70.56,Optimized
1000,Industrial,Mycelium,21858751,1656,28339,2.07,4276.01,73.04,Optimized
25000,Urban Dense,Hybrid (Carbon+Gel),601564001,27924,397223,1.59,86285.0,100.06,Optimized
25000,Coastal,Mycelium,582770000,34196,526635,2.26,65016.06,107.28,Optimized
50000,Coastal,Nano-Cellulose,1232359280,72364,729468,2.42,212786.56,165.86,Needs filter redesign
100,Industrial,Zeolite,2046987,68,1301,2.3,369.76,176.83,Needs filter redesign
5000,Tropical Forest Edge,Hybrid (Carbon+Gel),112208055,5145,70190,1.91,14262.19,136.05,Optimized
10000,Industrial,Zeolite,205686338,7067,197247,2.3,39933.1,116.6,Optimized
100000,Urban Dense,Zeolite,2766321449,99791,2796453,2.44,406592.01,87.25,Optimized
100000,Coastal,Nano-Cellulose,2236233550,136194,1962227,1.31,375951.16,66.76,Optimized
50000,Industrial,Activated Carbon,1158478589,53469,1388182,1.31,126279.09,47.18,Optimized
100,Urban Dense,Nano-Cellulose,2105422,128,2970,2.47,440.02,83.15,Optimized
5000,Tropical Forest Edge,Mycelium,130507709,4058,189252,1.7,17355.33,44.91,Optimized
10000,Tropical Forest Edge,Activated Carbon,234261244,17450,224636,2.19,30561.82,97.48,Optimized
5000,Industrial,Hybrid (Carbon+Gel),136092061,4829,198487,1.21,13335.11,30.48,Optimized
100000,Industrial,Nano-Cellulose,2772710103,175362,3018100,2.29,270416.59,75.87,Optimized
500,Coastal,Activated Carbon,10539181,419,6057,1.99,1901.96,164.25,Needs filter redesign
5000,Urban Dense,Hybrid (Carbon+Gel),116468059,3646,89284,2.21,22309.17,123.76,Optimized
1000,Smog Belt,Activated Carbon,25630109,952,35284,1.78,3534.31,50.45,Optimized
10000,Urban Dense,Zeolite,211137029,7341,110353,2.02,42198.98,183.04,Needs filter redesign
100000,Tropical Forest Edge,Mycelium,1926443810,152676,1435804,1.38,347353.93,96.1,Optimized
50000,Urban Dense,Zeolite,966118290,67941,1179727,1.97,139286.02,83.49,Optimized
5000,Urban Dense,Zeolite,100874175,3486,140797,1.93,12605.04,68.54,Optimized
100,Industrial,Hybrid (Carbon+Gel),2074511,98,2064,2.13,297.7,103.2,Optimized
5000,Industrial,Hybrid (Carbon+Gel),128747359,4545,87646,1.69,17218.32,96.41,Optimized
50000,Smog Belt,Nano-Cellulose,1328201600,87589,1076247,2.48,143848.64,115.21,Optimized
100,Coastal,Zeolite,2449036,156,2217,1.84,314.14,82.99,Optimized
100000,Coastal,Nano-Cellulose,2486640414,77841,2768834,1.68,428744.83,60.67,Optimized
10000,Industrial,Hybrid (Carbon+Gel),230680092,13428,266943,1.36,38723.86,50.94,Optimized
25000,Coastal,Activated Carbon,536880259,19571,616397,2.3,91621.7,93.28,Optimized
100000,Tropical Forest Edge,Nano-Cellulose,2723383438,114259,2782960,1.35,285283.87,48.51,Optimized
1000,Tropical Forest Edge,Nano-Cellulose,25371903,1878,19118,2.2,3644.8,115.07,Optimized
100,Urban Dense,Activated Carbon,2223306,132,1782,1.73,441.15,97.08,Optimized
50000,Tropical Forest Edge,Mycelium,925140546,53201,843885,2.29,171830.8,135.67,Optimized
100,Tropical Forest Edge,Activated Carbon,2475443,93,2001,2.34,262.48,116.95,Optimized
1000,Coastal,Zeolite,26666720,1763,18249,1.44,4082.06,78.9,Optimized
50000,Smog Belt,Zeolite,1379634135,57809,859714,2.39,177682.86,138.99,Optimized
50000,Smog Belt,Zeolite,1183612573,91805,1043466,1.42,223275.47,68.04,Optimized
10000,Tropical Forest Edge,Nano-Cellulose,206213595,15376,261546,1.6,29005.86,61.17,Optimized
100000,Urban Dense,Mycelium,2039254783,153067,2129413,1.78,258993.83,83.59,Optimized
50000,Smog Belt,Hybrid (Carbon+Gel),1234590812,70428,1404765,1.96,183915.8,69.76,Optimized
50000,Industrial,Mycelium,1330450604,100688,1585214,2.43,193219.61,76.64,Optimized
5000,Tropical Forest Edge,Mycelium,112183465,4150,79541,1.57,13172.12,98.69,Optimized
100000,Industrial,Zeolite,2053848029,68344,2743130,1.33,350144.28,48.48,Optimized
100000,Tropical Forest Edge,Mycelium,1895434858,109528,1702290,1.26,333446.06,74.01,Optimized
50000,Industrial,Zeolite,1109185664,85040,1513979,1.22,167796.0,40.29,Optimized
50000,Tropical Forest Edge,Hybrid (Carbon+Gel),1069923203,44371,1268422,1.94,170563.76,76.47,Optimized
500,Smog Belt,Mycelium,10352284,721,11847,1.81,1275.27,76.39,Optimized
5000,Industrial,Zeolite,135847244,7077,154296,1.6,18277.86,51.85,Optimized
1000,Smog Belt,Mycelium,25220377,1587,22939,2.3,2929.8,100.26,Optimized
500,Coastal,Nano-Cellulose,13763101,625,7938,2.38,1434.88,149.9,Optimized
25000,Coastal,Mycelium,505373107,15534,295326,1.72,78102.31,145.59,Optimized
50000,Tropical Forest Edge,Activated Carbon,1101581583,83260,1440634,1.93,160820.54,66.98,Optimized
5000,Urban Dense,Hybrid (Carbon+Gel),94968201,4048,105511,1.23,16128.28,58.29,Optimized
50000,Smog Belt,Mycelium,997740242,56903,1182285,2.2,177703.91,93.04,Optimized
1000,Industrial,Mycelium,18252675,1238,22089,1.31,4291.31,59.3,Optimized
100,Coastal,Zeolite,2161033,101,2060,1.87,417.62,90.76,Optimized
50000,Coastal,Hybrid (Carbon+Gel),962682863,70120,783565,1.58,180418.56,100.81,Optimized
100,Coastal,Mycelium,2464793,135,2031,2.13,253.81,104.85,Optimized
1000,Smog Belt,Zeolite,20528544,1258,27276,2.35,4134.98,86.15,Optimized
25000,Tropical Forest Edge,Activated Carbon,696843902,47682,643098,1.91,65789.39,74.24,Optimized
5000,Tropical Forest Edge,Activated Carbon,93947487,7184,82685,1.31,21150.89,79.21,Optimized
10000,Tropical Forest Edge,Activated Carbon,235210696,13626,175860,1.33,40500.41,75.62,Optimized
100000,Tropical Forest Edge,Activated Carbon,2758645508,123817,2887498,1.53,258697.18,52.98,Optimized
10000,Industrial,Nano-Cellulose,184201817,11064,172117,1.24,43532.54,72.04,Optimized
100,Industrial,Nano-Cellulose,2308139,141,1329,1.86,446.75,139.9,Optimized
1000,Industrial,Mycelium,25627124,1088,35795,1.35,3205.88,37.71,Optimized
1000,Industrial,Hybrid (Carbon+Gel),20359555,801,21473,1.22,2745.15,56.81,Optimized
500,Industrial,Activated Carbon,11283009,542,15193,1.64,1799.93,53.97,Optimized
25000,Tropical Forest Edge,Hybrid (Carbon+Gel),554460207,43632,512786,1.97,74331.48,96.04,Optimized
5000,Smog Belt,Activated Carbon,93781629,3074,56598,1.4,18292.99,123.67,Optimized
1000,Industrial,Hybrid (Carbon+Gel),25883806,1070,22555,1.35,3969.04,59.85,Optimized
100,Industrial,Hybrid (Carbon+Gel),2703481,152,3537,2.17,353.96,61.35,Optimized
1000,Coastal,Zeolite,26315695,1449,33652,1.93,3480.24,57.35,Optimized
100000,Industrial,Zeolite,2702311924,215577,1602526,2.16,262144.82,134.77,Optimized
10000,Smog Belt,Nano-Cellulose,271395588,15723,327907,1.82,32097.62,55.5,Optimized
25000,Smog Belt,Activated Carbon,556668264,30464,741845,1.73,109995.61,58.3,Optimized
1000,Urban Dense,Mycelium,18538377,989,26015,1.42,3513.96,54.58,Optimized
100,Industrial,Zeolite,1807881,103,1024,1.82,329.91,177.72,Needs filter redesign
1000,Smog Belt,Activated Carbon,24719827,1456,25856,1.39,3521.88,53.76,Optimized
50000,Industrial,Zeolite,1205464655,50522,1640398,1.3,202575.02,39.62,Optimized
1000,Coastal,Nano-Cellulose,18723320,1214,22999,1.67,3632.07,72.61,Optimized
10000,Coastal,Nano-Cellulose,257984952,20245,169028,1.94,38721.17,114.76,Optimized
5000,Smog Belt,Mycelium,124015398,5372,178806,1.59,20979.05,44.46,Optimized
100000,Industrial,Mycelium,2682709592,133123,1483119,1.95,256655.69,131.47,Optimized
100000,Industrial,Activated Carbon,2628763519,171173,2083582,1.3,250418.64,62.39,Optimized
50000,Industrial,Mycelium,946418689,47875,617529,2.34,152939.01,189.45,Needs filter redesign
5000,Industrial,Activated Carbon,127474381,6732,79380,2.15,14373.07,135.41,Optimized
10000,Coastal,Activated Carbon,224255245,13547,288425,1.71,25084.24,59.28,Optimized
25000,Coastal,Mycelium,558880493,27777,807305,1.47,106302.31,45.52,Optimized
500,Urban Dense,Zeolite,13813729,908,17675,1.33,2202.66,37.62,Optimized
5000,Coastal,Activated Carbon,122878356,5191,115453,1.3,19175.28,56.3,Optimized
100,Urban Dense,Activated Carbon,2508567,195,1411,2.46,350.93,174.28,Needs filter redesign
25000,Urban Dense,Nano-Cellulose,562859437,28343,828183,2.47,82804.5,74.56,Optimized
1000,Coastal,Zeolite,18899114,1376,12384,1.36,2701.27,109.81,Optimized
25000,Urban Dense,Nano-Cellulose,475262269,20424,663672,1.86,94060.82,70.06,Optimized
5000,Smog Belt,Zeolite,100962803,7781,101180,2.39,14525.05,118.1,Optimized
1000,Industrial,Mycelium,25260920,1800,18039,1.83,2606.52,101.44,Optimized
500,Urban Dense,Mycelium,10535301,382,8748,1.87,1700.53,106.88,Optimized
500,Urban Dense,Mycelium,13790372,906,19315,1.74,1444.51,45.04,Optimized
100,Urban Dense,Zeolite,2401894,139,3207,1.37,440.54,42.72,Optimized
10000,Coastal,Hybrid (Carbon+Gel),257773836,15022,247143,1.83,29167.0,74.04,Optimized
100,Tropical Forest Edge,Nano-Cellulose,2508252,84,3595,1.55,325.18,43.11,Optimized
50000,Industrial,Activated Carbon,1117997919,68833,1474446,1.79,173510.42,60.7,Optimized
500,Industrial,Hybrid (Carbon+Gel),9408358,500,10770,2.33,1491.71,108.17,Optimized
100000,Tropical Forest Edge,Nano-Cellulose,2631966561,184671,2912397,1.97,346481.28,67.64,Optimized
100000,Urban Dense,Hybrid (Carbon+Gel),1845669976,58020,2013337,1.49,430202.17,74.0,Optimized
100000,Industrial,Hybrid (Carbon+Gel),2352471784,185025,2180127,1.64,382859.76,75.22,Optimized
500,Industrial,Mycelium,12115745,450,18052,2.01,2108.39,55.67,Optimized
100000,Tropical Forest Edge,Hybrid (Carbon+Gel),2007328723,121147,1290106,1.54,379020.81,119.36,Optimized
1000,Urban Dense,Hybrid (Carbon+Gel),25384264,1941,34402,1.36,3490.4,39.53,Optimized
10000,Coastal,Hybrid (Carbon+Gel),273603166,16854,238562,2.31,40301.6,96.82,Optimized
10000,Industrial,Mycelium,276751795,15454,250459,1.89,31130.29,75.46,Optimized
500,Urban Dense,Nano-Cellulose,12761120,386,11959,1.7,1425.27,71.08,Optimized
5000,Smog Belt,Hybrid (Carbon+Gel),93880627,4009,79806,2.43,19213.09,152.24,Needs filter redesign
50000,Tropical Forest Edge,Mycelium,1142426216,53464,1203568,2.39,175050.58,99.28,Optimized
5000,Urban Dense,Nano-Cellulose,102508194,8006,87099,2.25,14346.93,129.15,Optimized
1000,Industrial,Activated Carbon,23384447,1297,14677,1.39,3623.47,94.7,Optimized
5000,Industrial,Activated Carbon,116949650,6447,80184,2.12,20435.83,132.19,Optimized
100000,Coastal,Activated Carbon,2477416457,163841,2058651,2.36,445088.38,114.63,Optimized
10000,Coastal,Nano-Cellulose,238569169,14479,120035,1.57,40967.83,130.78,Optimized
50000,Industrial,Activated Carbon,997315055,42536,1319262,1.45,202942.42,54.95,Optimized
50000,Coastal,Zeolite,1308957332,64562,1592683,1.44,172216.22,45.2,Optimized
500,Urban Dense,Zeolite,10780412,590,14520,1.76,1323.6,60.6,Optimized
5000,Smog Belt,Zeolite,119939212,6844,171921,1.97,16898.28,57.29,Optimized
25000,Smog Belt,Hybrid (Carbon+Gel),511087098,24031,356206,1.95,98294.52,136.85,Optimized
5000,Tropical Forest Edge,Mycelium,109256247,5362,147032,1.83,17710.72,62.23,Optimized
10000,Smog Belt,Nano-Cellulose,272710639,20812,361167,1.71,38836.43,47.34,Optimized
100000,Coastal,Mycelium,2223580706,172544,3329988,1.92,269769.72,57.65,Optimized
50000,Tropical Forest Edge,Nano-Cellulose,1224709524,67978,1246062,1.28,172425.94,51.36,Optimized
1000,Industrial,Hybrid (Carbon+Gel),21983513,1043,16576,2.43,3103.15,146.59,Optimized
50000,Smog Belt,Hybrid (Carbon+Gel),1276747113,50206,1643818,1.49,187197.98,45.32,Optimized
25000,Smog Belt,Mycelium,608952303,21300,564245,1.31,109527.54,58.04,Optimized
25000,Industrial,Hybrid (Carbon+Gel),565618296,43195,434920,2.38,87139.91,136.79,Optimized
5000,Urban Dense,Mycelium,119946749,7572,168133,1.28,17291.7,38.06,Optimized
500,Industrial,Zeolite,11628774,716,13238,1.43,2111.39,54.01,Optimized
100,Coastal,Hybrid (Carbon+Gel),2325936,119,3262,1.27,438.65,38.94,Optimized
100000,Smog Belt,Activated Carbon,2423922732,150989,2552841,2.36,339814.18,92.44,Optimized
50000,Urban Dense,Zeolite,1173254809,76897,926518,2.3,138811.37,124.11,Optimized
100,Urban Dense,Nano-Cellulose,2769755,142,2252,1.55,337.58,68.83,Optimized
100,Coastal,Mycelium,2599134,115,2303,1.75,378.85,76.0,Optimized
500,Tropical Forest Edge,Mycelium,9824736,596,5818,1.62,1531.72,139.21,Optimized
25000,Coastal,Nano-Cellulose,560139220,26161,465615,2.17,82590.15,116.51,Optimized
25000,Coastal,Activated Carbon,606299131,43265,834418,1.46,98076.39,43.74,Optimized
100,Coastal,Hybrid (Carbon+Gel),2668918,117,3222,2.44,318.93,75.72,Optimized
100000,Tropical Forest Edge,Mycelium,2120538746,140804,2668706,1.73,368919.3,64.82,Optimized
100000,Smog Belt,Activated Carbon,2725752114,86267,1556486,1.82,391419.13,116.92,Optimized
100000,Tropical Forest Edge,Nano-Cellulose,2627280205,124511,3414525,1.38,389170.44,40.41,Optimized
1000,Coastal,Nano-Cellulose,19037141,1122,16792,1.96,3458.04,116.72,Optimized
5000,Tropical Forest Edge,Nano-Cellulose,94524875,4021,57707,2.29,18183.31,198.4,Needs filter redesign
100000,Smog Belt,Activated Carbon,2611211568,80627,3541043,1.93,447776.63,54.5,Optimized
100000,Industrial,Mycelium,2255512656,83527,2828673,2.47,429518.53,87.32,Optimized
10000,Industrial,Activated Carbon,189282635,12314,199474,2.02,37522.15,101.26,Optimized
5000,Tropical Forest Edge,Hybrid (Carbon+Gel),94666501,5007,73847,1.26,22216.93,85.31,Optimized
10000,Smog Belt,Zeolite,207119052,12636,175148,2.23,36171.62,127.31,Optimized
50000,Tropical Forest Edge,Activated Carbon,1288906911,51728,1018947,1.27,128816.58,62.32,Optimized
500,Coastal,Activated Carbon,10684390,609,15038,2.2,1583.82,73.15,Optimized
100000,Urban Dense,Zeolite,2121772614,121297,1389928,1.48,422208.21,106.47,Optimized
50000,Industrial,Hybrid (Carbon+Gel),1185706717,66932,1303556,1.88,221793.69,72.11,Optimized
1000,Urban Dense,Mycelium,22896409,1595,28847,1.22,2978.41,42.29,Optimized
5000,Industrial,Hybrid (Carbon+Gel),125463808,8098,66449,1.29,13447.29,97.05,Optimized
50000,Coastal,Hybrid (Carbon+Gel),1272842588,86043,1182814,2.01,163544.39,84.96,Optimized
50000,Smog Belt,Activated Carbon,918440778,32328,474429,2.24,154160.1,236.06,Needs filter redesign
500,Urban Dense,Hybrid (Carbon+Gel),11124328,371,15746,1.82,1402.85,57.79,Optimized
100,Smog Belt,Hybrid (Carbon+Gel),2140496,76,1556,1.79,445.79,115.06,Optimized
100,Smog Belt,Mycelium,2098656,98,1305,1.86,350.32,142.55,Optimized
10000,Tropical Forest Edge,Zeolite,244293495,9922,270699,2.25,30369.92,83.12,Optimized
10000,Smog Belt,Hybrid (Carbon+Gel),253083353,18254,335989,1.73,41932.5,51.49,Optimized
25000,Industrial,Mycelium,668230643,40115,749708,1.25,97445.89,41.68,Optimized
25000,Tropical Forest Edge,Nano-Cellulose,451830512,19113,354953,1.47,104243.11,103.53,Optimized
25000,Coastal,Activated Carbon,526417712,40668,412209,1.57,102661.44,95.21,Optimized
25000,Smog Belt,Mycelium,509108066,25212,328370,1.5,65314.12,114.19,Optimized
50000,Tropical Forest Edge,Activated Carbon,1217972302,92391,1127984,1.94,128814.45,85.99,Optimized
25000,Industrial,Mycelium,553746995,29158,612569,1.78,105291.76,72.64,Optimized
500,Smog Belt,Mycelium,13056204,1018,11559,1.5,2198.14,64.88,Optimized
50000,Tropical Forest Edge,Nano-Cellulose,1218195891,57630,1687737,1.87,191069.39,55.4,Optimized
10000,Industrial,Activated Carbon,234593599,16819,228579,1.33,29552.88,58.18,Optimized
50000,Smog Belt,Mycelium,1198373019,36479,1688872,1.33,214467.66,39.37,Optimized
100,Urban Dense,Nano-Cellulose,2543195,185,3301,1.91,372.77,57.85,Optimized
500,Coastal,Hybrid (Carbon+Gel),13222834,609,8072,1.85,1614.19,114.59,Optimized
500,Industrial,Hybrid (Carbon+Gel),13688459,485,17416,1.95,1988.34,55.98,Optimized
100,Industrial,Nano-Cellulose,2376671,101,3129,1.29,417.93,41.22,Optimized
5000,Urban Dense,Zeolite,134831300,5976,134859,2.15,16207.97,79.71,Optimized
50000,Urban Dense,Hybrid (Carbon+Gel),946767614,50708,598124,1.47,211245.1,122.87,Optimized
500,Urban Dense,Hybrid (Carbon+Gel),11056847,615,12644,2.13,1625.74,84.23,Optimized
5000,Urban Dense,Zeolite,116960658,6754,150700,1.26,16732.09,41.8,Optimized
10000,Tropical Forest Edge,Hybrid (Carbon+Gel),229660079,8529,323092,1.94,31824.73,60.04,Optimized
50000,Tropical Forest Edge,Mycelium,1063781991,69949,1154959,2.48,162630.48,107.36,Optimized
1000,Urban Dense,Activated Carbon,26141316,1082,18329,1.37,3053.49,74.74,Optimized
100,Industrial,Mycelium,2142201,83,2181,2.48,255.61,113.7,Optimized
5000,Coastal,Hybrid (Carbon+Gel),107895071,6604,82244,1.97,12994.86,119.76,Optimized
100,Industrial,Activated Carbon,1805411,57,1052,2.02,324.71,191.97,Needs filter redesign
1000,Coastal,Mycelium,21942720,1520,13987,1.73,3089.3,123.67,Optimized
5000,Urban Dense,Zeolite,132335026,9480,160206,1.64,22122.97,51.18,Optimized
100,Urban Dense,Activated Carbon,2028783,73,1885,2.25,325.31,119.38,Optimized
100000,Urban Dense,Hybrid (Carbon+Gel),2590332981,141283,2757447,2.33,341663.25,84.49,Optimized
100,Smog Belt,Mycelium,2197535,147,3213,1.86,422.0,57.89,Optimized
100000,Smog Belt,Hybrid (Carbon+Gel),2356312382,137804,1842749,1.72,318741.47,93.33,Optimized
10000,Industrial,Zeolite,202729463,11629,294433,2.44,38146.03,82.87,Optimized
10000,Coastal,Zeolite,278808283,10983,325543,1.69,35204.32,51.91,Optimized
50000,Smog Belt,Nano-Cellulose,1165856466,42051,1195361,1.71,172891.79,71.52,Optimized
100000,Industrial,Activated Carbon,1875266861,102106,2770268,1.8,267825.41,64.97,Optimized
50000,Urban Dense,Zeolite,1295030459,53918,1286648,2.32,193436.32,90.15,Optimized
50000,Urban Dense,Zeolite,1367939738,55802,1422905,1.87,163943.61,65.71,Optimized
100000,Urban Dense,Activated Carbon,2206064369,104369,2597227,2.2,442485.0,84.7,Optimized
25000,Smog Belt,Hybrid (Carbon+Gel),556953160,29070,282395,1.39,82514.23,123.04,Optimized
100,Coastal,Nano-Cellulose,1905131,133,2160,1.9,281.07,87.94,Optimized
50000,Coastal,Mycelium,1273307249,63900,1030354,2.28,135460.74,110.63,Optimized
50000,Coastal,Nano-Cellulose,1147610614,75145,1655091,1.87,152043.85,56.49,Optimized
1000,Tropical Forest Edge,Mycelium,18304411,756,16414,1.5,3012.48,91.38,Optimized
100000,Coastal,Activated Carbon,1994449660,135595,2583104,2.39,325638.91,92.52,Optimized
5000,Urban Dense,Nano-Cellulose,124945287,7762,165685,1.34,21314.18,40.44,Optimized
100,Industrial,Activated Carbon,2485373,99,1694,2.05,294.09,120.99,Optimized
500,Tropical Forest Edge,Mycelium,11835502,874,6100,2.07,2137.27,169.64,Needs filter redesign
25000,Coastal,Hybrid (Carbon+Gel),545723028,24311,368285,1.93,90474.61,131.0,Optimized
25000,Smog Belt,Mycelium,609798434,28499,780151,2.12,100279.42,67.93,Optimized
10000,Urban Dense,Hybrid (Carbon+Gel),199517222,7881,191618,1.87,28627.47,97.59,Optimized
5000,Smog Belt,Activated Carbon,125924509,3816,163917,2.03,14281.17,61.92,Optimized
10000,Smog Belt,Nano-Cellulose,209699197,11382,153615,2.35,37029.12,152.97,Needs filter redesign
1000,Industrial,Activated Carbon,27634310,1742,37914,1.53,4329.35,40.35,Optimized
10000,Smog Belt,Activated Carbon,234636420,16739,240862,2.46,32178.5,102.13,Optimized
500,Coastal,Activated Carbon,10099761,716,10986,2.13,1685.94,96.94,Optimized
100,Urban Dense,Mycelium,1995837,122,2700,1.93,338.99,71.47,Optimized
100000,Tropical Forest Edge,Hybrid (Carbon+Gel),1950666857,124155,1967973,2.07,418129.31,105.18,Optimized
100000,Tropical Forest Edge,Activated Carbon,2364675896,97591,3393196,1.81,256802.22,53.34,Optimized
100,Urban Dense,Hybrid (Carbon+Gel),1902450,115,2260,2.15,309.73,95.14,Optimized
1000,Urban Dense,Mycelium,23859003,1452,34164,1.41,3796.91,41.27,Optimized
1000,Industrial,Mycelium,22932441,1514,14003,2.42,2552.83,172.8,Needs filter redesign
25000,Coastal,Activated Carbon,649448318,27088,857567,2.38,92374.93,69.38,Optimized
100,Tropical Forest Edge,Zeolite,1897776,106,1015,1.4,329.8,137.92,Optimized
10000,Tropical Forest Edge,Activated Carbon,193937989,12176,230482,2.16,29083.6,93.71,Optimized
10000,Industrial,Activated Carbon,278937372,19930,334793,2.5,30985.41,74.67,Optimized
500,Tropical Forest Edge,Zeolite,10149976,683,5157,2.38,1695.91,230.7,Needs filter redesign
1000,Coastal,Activated Carbon,19960134,1042,10371,2.26,4069.71,217.88,Needs filter redesign
100000,Coastal,Mycelium,2788878908,179536,2180567,1.86,445086.86,85.29,Optimized
100000,Coastal,Zeolite,1850070328,127729,1579927,2.44,430371.65,154.42,Needs filter redesign
10000,Industrial,Mycelium,196067688,12074,146584,2.16,27448.87,147.34,Optimized
10000,Smog Belt,Hybrid (Carbon+Gel),258475412,18031,294330,2.21,31202.23,75.08,Optimized
100000,Coastal,Nano-Cellulose,2299505678,97768,2645458,1.39,360171.1,52.54,Optimized
100,Smog Belt,Mycelium,2319433,143,2752,1.78,354.0,64.68,Optimized
500,Smog Belt,Zeolite,10422396,815,6814,1.37,2160.17,100.52,Optimized
25000,Industrial,Hybrid (Carbon+Gel),698987598,54651,903052,1.27,95831.57,35.16,Optimized
500,Urban Dense,Hybrid (Carbon+Gel),9068166,416,5261,2.24,1503.51,212.87,Needs filter redesign
5000,Coastal,Hybrid (Carbon+Gel),126639646,9208,185928,2.11,20691.2,56.74,Optimized
100,Tropical Forest Edge,Nano-Cellulose,2342343,104,1855,2.31,300.06,124.53,Optimized
50000,Industrial,Hybrid (Carbon+Gel),1359749409,76925,1283161,1.57,200991.4,61.17,Optimized
10000,Coastal,Zeolite,249102726,8347,190950,2.29,41700.93,119.92,Optimized
5000,Industrial,Activated Carbon,103043735,4806,139168,1.24,21066.67,44.55,Optimized
1000,Urban Dense,Hybrid (Carbon+Gel),25148033,921,19514,2.31,2685.14,118.37,Optimized
25000,Industrial,Activated Carbon,667265206,34285,841751,2.25,109384.17,66.82,Optimized
500,Smog Belt,Activated Carbon,12597418,568,8563,2.15,1262.69,125.53,Optimized
50000,Smog Belt,Zeolite,1377314126,65232,1544801,1.79,158191.78,57.93,Optimized
100,Coastal,Mycelium,2757487,105,1930,1.81,409.95,93.78,Optimized
50000,Smog Belt,Hybrid (Carbon+Gel),1202764246,84217,671803,2.08,213156.7,154.79,Needs filter redesign
100000,Industrial,Hybrid (Carbon+Gel),2438759333,135296,2541988,2.27,353112.36,89.3,Optimized
1000,Urban Dense,Zeolite,23473199,1299,15234,1.99,2977.94,130.61,Optimized
500,Smog Belt,Zeolite,13210831,911,16949,1.95,1671.56,57.52,Optimized
100000,Tropical Forest Edge,Nano-Cellulose,2685677645,132943,2030770,2.01,430345.54,98.97,Optimized
100000,Coastal,Activated Carbon,1824042421,119222,1324701,1.64,381547.1,123.79,Optimized
10000,Tropical Forest Edge,Activated Carbon,235263154,9862,214108,2.2,31895.43,102.75,Optimized
100000,Coastal,Hybrid (Carbon+Gel),2023544514,130487,2241497,1.58,302646.13,70.48,Optimized
500,Coastal,Hybrid (Carbon+Gel),9492622,420,10200,1.58,2100.49,77.45,Optimized
50000,Coastal,Activated Carbon,1302306029,94024,1947138,2.22,142248.39,57.0,Optimized
100000,Smog Belt,Hybrid (Carbon+Gel),2759802703,109296,2211136,2.06,292425.38,93.16,Optimized
1000,Coastal,Zeolite,22591592,812,29593,1.79,4040.91,60.49,Optimized
100,Smog Belt,Mycelium,2767542,177,2928,2.46,437.29,84.02,Optimized
100,Coastal,Hybrid (Carbon+Gel),1871772,69,1973,2.07,351.13,104.91,Optimized
10000,Smog Belt,Mycelium,212848742,16106,225880,1.96,44089.03,86.77,Optimized
100000,Smog Belt,Activated Carbon,1997690316,67924,1893750,1.79,432428.9,94.52,Optimized
10000,Urban Dense,Hybrid (Carbon+Gel),270204074,17693,177646,2.48,39048.14,139.59,Optimized
500,Industrial,Mycelium,13613691,1079,11736,1.26,1406.18,53.68,Optimized
1000,Coastal,Activated Carbon,25620849,1657,13173,2.33,4394.32,176.86,Needs filter redesign
10000,Coastal,Activated Carbon,220827631,12330,158398,1.6,40615.63,101.0,Optimized
1000,Tropical Forest Edge,Hybrid (Carbon+Gel),23588012,1401,17479,1.9,3408.73,108.69,Optimized
100000,Urban Dense,Activated Carbon,2355786104,131341,3191097,2.17,441241.06,68.0,Optimized
500,Urban Dense,Mycelium,10121456,700,13103,1.41,1767.23,53.8,Optimized
1000,Coastal,Zeolite,19541354,597,18575,2.13,2871.71,114.67,Optimized
500,Tropical Forest Edge,Hybrid (Carbon+Gel),13419540,996,11705,1.89,1483.47,80.73,Optimized
25000,Smog Belt,Hybrid (Carbon+Gel),557500184,19357,646919,1.3,64662.77,50.24,Optimized
10000,Urban Dense,Zeolite,183348154,13863,146839,1.63,36506.43,111.0,Optimized
1000,Coastal,Zeolite,24053757,1503,15221,1.46,3165.1,95.91,Optimized
5000,Urban Dense,Hybrid (Carbon+Gel),116445411,6691,62157,1.64,14290.72,131.91,Optimized
100000,Coastal,Nano-Cellulose,2064800058,95898,1996202,1.99,278215.34,99.68,Optimized
50000,Urban Dense,Hybrid (Carbon+Gel),1110865301,88472,1017219,1.37,137297.42,67.33,Optimized
50000,Urban Dense,Nano-Cellulose,966882371,33736,781117,1.82,207427.8,116.49,Optimized
10000,Smog Belt,Nano-Cellulose,267072692,11328,193988,1.83,31915.31,94.33,Optimized
100,Industrial,Zeolite,1974690,70,1642,1.25,293.56,76.14,Optimized
1000,Tropical Forest Edge,Mycelium,23807889,1257,24853,1.64,2770.22,65.98,Optimized
25000,Industrial,Zeolite,477692548,31453,275247,1.65,97418.06,149.85,Optimized
50000,Industrial,Nano-Cellulose,934281941,57622,639920,1.55,159233.88,121.1,Optimized
1000,Tropical Forest Edge,Zeolite,26774552,845,15520,2.01,2968.95,129.51,Optimized
10000,Smog Belt,Nano-Cellulose,263270996,15578,338674,1.42,43537.08,41.93,Optimized
100000,Urban Dense,Activated Carbon,1917842917,60423,1077141,2.26,376687.9,209.8,Needs filter redesign
5000,Urban Dense,Nano-Cellulose,135254587,7897,71098,2.23,21529.61,156.81,Needs filter redesign
100000,Smog Belt,Hybrid (Carbon+Gel),2022565901,84253,1169969,1.29,360064.01,110.25,Optimized
10000,Tropical Forest Edge,Mycelium,219391923,15710,142083,2.49,38922.37,175.23,Needs filter redesign
5000,Industrial,Nano-Cellulose,106417430,3519,134958,1.91,13112.07,70.76,Optimized
100,Smog Belt,Nano-Cellulose,2301415,99,1187,1.73,304.36,145.76,Optimized
1000,Tropical Forest Edge,Hybrid (Carbon+Gel),22346919,976,16246,1.81,4452.49,111.41,Optimized
1000,Tropical Forest Edge,Zeolite,25541857,1418,34346,2.49,3083.92,72.49,Optimized
500,Tropical Forest Edge,Nano-Cellulose,12625640,745,7034,1.51,2044.46,107.32,Optimized
500,Coastal,Nano-Cellulose,11535877,691,8711,2.26,1970.26,129.71,Optimized
1000,Coastal,Zeolite,27870969,1179,40979,1.33,3984.04,32.45,Optimized
10000,Urban Dense,Zeolite,258132009,16920,159394,1.44,41646.64,90.33,Optimized
5000,Coastal,Hybrid (Carbon+Gel),98635446,6941,107052,1.43,19050.35,66.79,Optimized
100,Coastal,Activated Carbon,2518807,190,1631,1.71,431.44,104.82,Optimized
10000,Coastal,Activated Carbon,213446572,13924,130523,2.13,42117.39,163.17,Needs filter redesign
10000,Industrial,Zeolite,276781644,15751,383350,1.87,37562.1,48.78,Optimized
100,Smog Belt,Hybrid (Carbon+Gel),2370033,98,2991,1.97,257.39,65.87,Optimized
500,Tropical Forest Edge,Nano-Cellulose,10057303,365,11147,2.46,1833.28,110.34,Optimized
5000,Smog Belt,Nano-Cellulose,103559377,4963,132000,1.27,22159.0,48.1,Optimized
50000,Coastal,Activated Carbon,1190650626,59150,796111,1.94,194160.96,121.83,Optimized
5000,Urban Dense,Mycelium,98598680,6156,135296,1.92,15305.59,70.95,Optimized
500,Coastal,Activated Carbon,12129363,922,8555,1.5,2239.94,87.66,Optimized
100,Tropical Forest Edge,Nano-Cellulose,1840968,103,1900,2.5,371.6,131.56,Optimized
500,Coastal,Zeolite,10966100,480,7250,2.17,1727.15,149.65,Optimized
5000,Coastal,Activated Carbon,98439881,4318,88089,1.86,18906.44,105.57,Optimized
100000,Urban Dense,Activated Carbon,1880800428,126394,979592,1.31,274236.47,133.71,Optimized
10000,Tropical Forest Edge,Mycelium,185147915,9527,111258,2.25,33201.12,202.22,Needs filter redesign
1000,Coastal,Nano-Cellulose,19275840,1427,12463,2.31,3888.82,185.33,Needs filter redesign
50000,Industrial,Hybrid (Carbon+Gel),900762004,54083,1278922,1.86,219327.38,72.71,Optimized
100000,Urban Dense,Zeolite,2765043107,217725,2518188,1.48,444719.24,58.77,Optimized
100000,Coastal,Hybrid (Carbon+Gel),1967559882,132198,2495309,1.9,416724.0,76.14,Optimized
25000,Tropical Forest Edge,Nano-Cellulose,574249639,42610,408768,1.86,88756.73,113.74,Optimized
1000,Urban Dense,Zeolite,20296338,1404,12377,2.33,3792.56,188.23,Needs filter redesign
1000,Smog Belt,Activated Carbon,20598891,738,14797,2.16,3135.3,145.97,Optimized
5000,Coastal,Activated Carbon,107776410,5011,67090,1.35,15212.44,100.6,Optimized
50000,Urban Dense,Activated Carbon,1363025605,55590,999316,1.34,210513.65,67.04,Optimized
50000,Smog Belt,Mycelium,985916223,65134,799610,2.17,138725.38,135.68,Optimized
100000,Urban Dense,Mycelium,2755593166,185992,2425153,2.32,397137.6,95.66,Optimized
25000,Smog Belt,Hybrid (Carbon+Gel),558895761,25541,772136,1.55,85170.05,50.18,Optimized
500,Tropical Forest Edge,Nano-Cellulose,12150375,572,9754,1.5,2094.44,76.89,Optimized
1000,Smog Belt,Nano-Cellulose,25208919,1558,36747,1.76,4177.49,47.89,Optimized
1000,Tropical Forest Edge,Zeolite,25666238,1114,14546,1.81,3123.02,124.43,Optimized
5000,Urban Dense,Zeolite,128468272,8461,77605,2.13,21154.08,137.22,Optimized
5000,Tropical Forest Edge,Mycelium,131697317,6268,133899,2.32,15036.63,86.63,Optimized
50000,Smog Belt,Zeolite,1212233557,62775,1370767,1.26,205523.2,45.96,Optimized
25000,Urban Dense,Nano-Cellulose,478859392,24175,550289,1.34,96478.72,60.87,Optimized
1000,Tropical Forest Edge,Nano-Cellulose,18410388,1287,16490,1.48,2740.44,89.74,Optimized
100,Smog Belt,Mycelium,2608589,102,2231,1.38,380.78,61.86,Optimized
100,Coastal,Zeolite,2361890,124,2978,1.23,330.74,41.31,Optimized
500,Industrial,Activated Carbon,12975131,816,12243,2.25,2144.42,91.89,Optimized
100000,Urban Dense,Activated Carbon,2510886989,136413,2255972,2.12,329842.9,93.97,Optimized
500,Urban Dense,Hybrid (Carbon+Gel),12451171,812,8086,1.23,1740.98,76.05,Optimized
50000,Industrial,Nano-Cellulose,909060839,44297,1243047,1.7,191923.34,68.38,Optimized
50000,Coastal,Zeolite,1305274377,79921,986390,2.14,139637.47,108.47,Optimized
5000,Smog Belt,Mycelium,127615634,9691,65612,2.36,19634.56,179.82,Needs filter redesign
500,Coastal,Hybrid (Carbon+Gel),12315839,678,8240,1.67,1658.96,101.33,Optimized
1000,Urban Dense,Nano-Cellulose,22368047,954,12007,1.76,2996.71,146.56,Optimized
50000,Smog Belt,Activated Carbon,999263115,40198,1030378,2.29,150977.0,111.12,Optimized
5000,Tropical Forest Edge,Nano-Cellulose,98648851,4356,91870,1.24,17395.7,67.48,Optimized
5000,Smog Belt,Activated Carbon,96907362,3015,130535,1.78,22320.86,68.18,Optimized
100000,Industrial,Activated Carbon,2769160670,196847,1396576,1.75,258382.69,125.29,Optimized
500,Coastal,Hybrid (Carbon+Gel),9799721,334,8265,1.41,1597.53,85.3,Optimized
500,Tropical Forest Edge,Mycelium,11789240,860,17510,1.28,1765.3,36.55,Optimized
50000,Smog Belt,Zeolite,1055573571,78763,756944,1.54,196406.58,101.71,Optimized
25000,Tropical Forest Edge,Activated Carbon,601560751,30151,401747,1.8,69364.23,112.0,Optimized
500,Tropical Forest Edge,Activated Carbon,9591497,349,6205,2.01,1603.28,161.96,Needs filter redesign
1000,Smog Belt,Hybrid (Carbon+Gel),27227451,1213,18611,1.37,2996.05,73.61,Optimized
10000,Smog Belt,Nano-Cellulose,213383556,15184,174526,1.53,33896.27,87.66,Optimized
5000,Smog Belt,Zeolite,131287641,6352,183288,2.33,13204.13,63.56,Optimized
25000,Industrial,Mycelium,613616236,41996,798701,2.12,87608.03,66.35,Optimized
50000,Urban Dense,Mycelium,989075753,64660,1121498,2.36,185048.55,105.21,Optimized
50000,Tropical Forest Edge,Zeolite,1324267687,71387,1823103,1.69,151802.2,46.35,Optimized
5000,Industrial,Activated Carbon,119547414,7277,175610,1.72,20078.54,48.97,Optimized
500,Industrial,Activated Carbon,11772622,499,14397,2.44,1911.15,84.74,Optimized
100,Industrial,Hybrid (Carbon+Gel),2354621,157,1378,1.88,258.84,136.38,Optimized
1000,Coastal,Activated Carbon,18189807,757,13579,1.73,2918.3,127.4,Optimized
100000,Coastal,Hybrid (Carbon+Gel),2435737165,126558,1278089,1.31,353112.49,102.49,Optimized
1000,Industrial,Activated Carbon,23868112,1795,31923,1.93,4489.42,60.45,Optimized
10000,Coastal,Nano-Cellulose,253968845,17109,310114,1.66,28515.1,53.53,Optimized
5000,Coastal,Nano-Cellulose,93060586,6186,73029,1.65,21186.66,112.96,Optimized
100,Coastal,Zeolite,1958616,92,1876,2.11,336.77,112.49,Optimized
10000,Tropical Forest Edge,Zeolite,222343188,9233,215755,2.11,25403.5,97.79,Optimized
10000,Urban Dense,Activated Carbon,187675210,14736,204473,1.6,27146.48,78.24,Optimized
5000,Tropical Forest Edge,Mycelium,110922928,5312,153617,2.08,12631.21,67.7,Optimized
50000,Coastal,Nano-Cellulose,1361175180,72528,1538894,2.41,223369.71,78.3,Optimized
100,Smog Belt,Zeolite,1811973,144,1609,1.99,282.86,123.68,Optimized
500,Smog Belt,Zeolite,13869359,1055,20667,2.1,2036.04,50.8,Optimized
100000,Coastal,Nano-Cellulose,2541879925,79112,3603223,1.89,308372.32,52.45,Optimized
1000,Tropical Forest Edge,Zeolite,20541738,878,14858,2.17,2886.17,146.04,Optimized
5000,Urban Dense,Zeolite,99062810,4405,95331,1.61,14258.63,84.44,Optimized
100000,Coastal,Hybrid (Carbon+Gel),2558570211,155494,2984200,1.93,296991.13,64.67,Optimized
100,Smog Belt,Zeolite,1985383,79,2202,1.36,271.22,61.77,Optimized
500,Tropical Forest Edge,Hybrid (Carbon+Gel),10063610,790,6531,1.33,1670.87,101.81,Optimized
100000,Coastal,Mycelium,1991135081,156808,2467905,2.09,415769.25,84.68,Optimized
500,Tropical Forest Edge,Nano-Cellulose,12167864,777,14444,2.26,1286.06,78.23,Optimized
100,Urban Dense,Zeolite,2449289,176,3661,1.29,370.44,35.24,Optimized
5000,Urban Dense,Nano-Cellulose,122764887,8766,106202,2.3,14919.36,108.28,Optimized
25000,Urban Dense,Zeolite,679152811,46743,936265,2.18,80328.48,58.21,Optimized
10000,Urban Dense,Nano-Cellulose,210848517,11493,195269,1.94,40973.49,99.34,Optimized
100,Urban Dense,Nano-Cellulose,2766041,114,2115,2.46,310.23,116.3,Optimized
500,Urban Dense,Hybrid (Carbon+Gel),11807648,684,8481,1.97,1323.66,116.13,Optimized
1000,Urban Dense,Nano-Cellulose,26926965,1869,20709,2.01,3212.08,97.05,Optimized
25000,Industrial,Activated Carbon,544264805,41660,687749,2.09,108118.86,75.97,Optimized
5000,Industrial,Zeolite,134133232,7259,174817,1.59,18251.03,45.47,Optimized
500,Industrial,Zeolite,13244149,566,11618,1.63,1956.12,70.14,Optimized
1000,Tropical Forest Edge,Mycelium,20962757,1514,27764,1.53,3368.49,55.1,Optimized
5000,Industrial,Nano-Cellulose,139162185,9083,195433,1.43,20665.28,36.58,Optimized
50000,Coastal,Zeolite,1161459168,55950,1140449,1.3,208828.8,56.99,Optimized
1000,Smog Belt,Mycelium,20268130,1399,29782,2.08,3418.38,69.84,Optimized
50000,Smog Belt,Nano-Cellulose,1170145347,58063,1447744,1.76,215439.84,60.78,Optimized
10000,Smog Belt,Mycelium,182359248,8540,191102,1.84,35136.13,96.28,Optimized
10000,Tropical Forest Edge,Nano-Cellulose,255555227,12089,378148,1.36,29696.61,35.96,Optimized
500,Tropical Forest Edge,Activated Carbon,13415805,936,8124,1.7,1889.48,104.62,Optimized
5000,Tropical Forest Edge,Nano-Cellulose,120970213,5017,180065,2.09,19626.91,58.03,Optimized
100,Industrial,Nano-Cellulose,2793659,158,1845,1.61,315.43,87.25,Optimized
1000,Coastal,Hybrid (Carbon+Gel),27979824,936,35060,1.81,3692.72,51.62,Optimized
100,Industrial,Nano-Cellulose,1881541,79,1522,2.49,313.47,163.56,Needs filter redesign
500,Smog Belt,Mycelium,10492102,729,10977,2.31,1806.14,105.21,Optimized
5000,Industrial,Hybrid (Carbon+Gel),112135853,7119,121030,2.27,19016.51,93.77,Optimized
50000,Coastal,Nano-Cellulose,945468687,62173,881384,1.91,146702.96,108.34,Optimized
100,Industrial,Hybrid (Carbon+Gel),2251901,118,1541,1.25,374.13,81.12,Optimized
500,Industrial,Hybrid (Carbon+Gel),13674614,905,15090,2.37,1428.41,78.53,Optimized
500,Coastal,Mycelium,9814367,699,12969,2.18,1888.7,84.04,Optimized
25000,Coastal,Mycelium,543198850,42465,318975,1.69,96285.84,132.44,Optimized
1000,Smog Belt,Nano-Cellulose,22619136,1720,30753,1.95,2916.93,63.4,Optimized
25000,Industrial,Activated Carbon,654840896,37468,584510,1.61,77835.9,68.86,Optimized
100000,Urban Dense,Hybrid (Carbon+Gel),2439650715,133684,2929172,2.31,440685.15,78.86,Optimized
100000,Smog Belt,Mycelium,1985770946,110276,2021726,2.4,353503.86,118.7,Optimized
10000,Industrial,Hybrid (Carbon+Gel),191357915,11044,177737,1.47,25290.25,82.7,Optimized
500,Industrial,Activated Carbon,12560578,526,9610,1.44,1924.46,74.92,Optimized
100,Smog Belt,Mycelium,2731296,82,3374,1.41,278.85,41.79,Optimized
500,Tropical Forest Edge,Mycelium,9192206,700,5686,1.34,1389.3,117.81,Optimized
100000,Smog Belt,Zeolite,1877011634,96338,2671539,1.77,332615.69,66.25,Optimized
1000,Urban Dense,Mycelium,19516475,1421,11924,1.38,4138.29,115.72,Optimized
50000,Smog Belt,Activated Carbon,1210067691,86134,1345075,1.55,128227.26,57.61,Optimized
10000,Smog Belt,Nano-Cellulose,249964815,8059,288984,1.94,38183.37,67.13,Optimized
1000,Coastal,Activated Carbon,27287886,2041,31937,2.44,3047.13,76.4,Optimized
500,Coastal,Nano-Cellulose,10623094,649,13060,1.25,1264.27,47.85,Optimized
1000,Tropical Forest Edge,Zeolite,24603949,780,19560,2.43,3871.34,124.23,Optimized
10000,Industrial,Mycelium,188522334,13932,238406,1.82,42107.62,76.34,Optimized
1000,Coastal,Activated Carbon,20244663,1089,12444,2.07,4180.71,166.33,Needs filter redesign
25000,Coastal,Hybrid (Carbon+Gel),678457005,52923,379815,1.4,109837.18,92.14,Optimized
1000,Smog Belt,Nano-Cellulose,22956595,1614,34024,1.2,2683.56,35.27,Optimized
1000,Urban Dense,Mycelium,26947201,1463,38974,2.3,3789.08,59.01,Optimized
10000,Coastal,Zeolite,184442709,6362,134403,1.47,34515.04,109.37,Optimized
1000,Smog Belt,Nano-Cellulose,23578710,1702,34633,2.07,2607.96,59.77,Optimized
5000,Smog Belt,Zeolite,128278454,7747,108780,1.68,19059.03,77.21,Optimized
10000,Tropical Forest Edge,Activated Carbon,272947760,15915,185413,1.62,32761.37,87.37,Optimized
25000,Urban Dense,Mycelium,525007070,35574,517947,2.22,101258.61,107.15,Optimized
500,Industrial,Hybrid (Carbon+Gel),9945331,337,7321,2.47,1425.99,168.69,Needs filter redesign
100,Urban Dense,Mycelium,2795150,124,4186,2.42,378.61,57.8,Optimized
10000,Tropical Forest Edge,Zeolite,212747311,12867,251786,1.76,37420.87,69.9,Optimized
100000,Urban Dense,Hybrid (Carbon+Gel),1856264955,148187,1822075,1.81,381235.7,99.33,Optimized
100000,Urban Dense,Hybrid (Carbon+Gel),1945458844,81482,1746053,2.18,298607.06,124.85,Optimized
1000,Coastal,Mycelium,21382707,1428,18741,2.16,3507.02,115.25,Optimized
100000,Urban Dense,Activated Carbon,2218812115,115451,1754247,1.9,292254.25,108.3,Optimized
1000,Smog Belt,Activated Carbon,21162985,1077,20787,2.44,4284.64,117.38,Optimized
1000,Coastal,Zeolite,23827136,973,20780,1.93,3468.22,92.87,Optimized
100,Coastal,Zeolite,1819066,134,995,1.96,384.94,197.0,Needs filter redesign
50000,Coastal,Activated Carbon,1359690533,89225,680344,1.37,221417.57,100.67,Optimized
50000,Tropical Forest Edge,Activated Carbon,1242442179,89120,1218930,2.44,152313.43,100.08,Optimized
10000,Industrial,Mycelium,264512030,12790,294906,1.29,33177.17,43.74,Optimized
5000,Industrial,Mycelium,117490847,4257,73749,1.44,14373.37,97.62,Optimized
5000,Smog Belt,Zeolite,92041884,2809,80734,1.98,17136.86,122.62,Optimized
100000,Smog Belt,Zeolite,1944726735,89081,2217851,2.34,317221.18,105.5,Optimized
10000,Urban Dense,Nano-Cellulose,236834848,7428,348617,2.15,25092.72,61.67,Optimized
25000,Smog Belt,Zeolite,668025415,45307,664173,1.27,80149.6,47.8,Optimized
50000,Industrial,Activated Carbon,988044619,66394,1298216,2.28,139861.97,87.81,Optimized
25000,Industrial,Hybrid (Carbon+Gel),534924372,33607,534338,1.31,108108.72,61.29,Optimized
25000,Coastal,Mycelium,581442730,40226,828862,1.69,95113.49,50.97,Optimized
500,Smog Belt,Nano-Cellulose,10971411,421,5636,1.48,1363.25,131.3,Optimized
500,Industrial,Activated Carbon,13351939,720,11092,1.41,1605.04,63.56,Optimized
100000,Urban Dense,Nano-Cellulose,2523249452,93851,3151658,1.66,271799.83,52.67,Optimized
500,Urban Dense,Nano-Cellulose,9368254,514,8846,1.9,1368.63,107.39,Optimized
1000,Coastal,Hybrid (Carbon+Gel),22921870,1060,30755,2.22,4321.27,72.18,Optimized
10000,Tropical Forest Edge,Hybrid (Carbon+Gel),265501419,9656,154729,1.31,29381.39,84.66,Optimized
50000,Smog Belt,Nano-Cellulose,946844130,72588,1100361,1.32,162168.55,59.98,Optimized
1000,Coastal,Mycelium,20167098,1402,22740,1.45,4035.06,63.76,Optimized
100000,Industrial,Hybrid (Carbon+Gel),2516279472,193461,1284853,2.13,427864.49,165.75,Needs filter redesign
5000,Urban Dense,Nano-Cellulose,132416055,10469,147523,2.25,15456.03,76.25,Optimized
5000,Coastal,Activated Carbon,137358570,9039,169290,2.4,15826.14,70.88,Optimized
100,Smog Belt,Hybrid (Carbon+Gel),2619886,118,3056,1.23,445.07,40.25,Optimized
50000,Urban Dense,Nano-Cellulose,1023535605,43436,1365653,1.58,188355.21,57.85,Optimized
100000,Coastal,Activated Carbon,1995222516,117592,1897688,1.81,371443.78,95.37,Optimized
500,Urban Dense,Mycelium,9103692,478,8138,2.13,1853.54,130.87,Optimized
1000,Smog Belt,Nano-Cellulose,24752210,1586,26691,1.32,2915.16,49.45,Optimized
5000,Coastal,Zeolite,90698521,3414,55029,1.61,16094.99,146.28,Optimized
5000,Industrial,Nano-Cellulose,122309948,5587,153858,1.5,16851.31,48.74,Optimized
50000,Industrial,Activated Carbon,1302690428,88324,1093348,2.31,162388.45,105.63,Optimized
1000,Urban Dense,Mycelium,27284615,939,20614,1.26,3371.76,61.12,Optimized
1000,Urban Dense,Hybrid (Carbon+Gel),27629023,1760,29899,1.27,3040.06,42.47,Optimized
10000,Smog Belt,Hybrid (Carbon+Gel),202986130,11644,272160,1.57,40213.34,57.68,Optimized
100000,Smog Belt,Nano-Cellulose,2471365771,158785,1697045,1.65,420094.08,97.22,Optimized
500,Coastal,Mycelium,12911917,575,17812,1.41,1644.17,39.58,Optimized
100000,Coastal,Zeolite,2276782518,127192,2321105,1.37,305883.49,59.02,Optimized
1000,Industrial,Zeolite,21275471,796,27093,1.71,3168.36,63.11,Optimized
5000,Tropical Forest Edge,Hybrid (Carbon+Gel),104175381,6286,96587,2.49,20078.15,128.89,Optimized
100000,Smog Belt,Hybrid (Carbon+Gel),2350845036,152420,2604767,2.1,313136.45,80.62,Optimized
1000,Coastal,Mycelium,24615958,995,21721,1.43,4251.89,65.83,Optimized
10000,Tropical Forest Edge,Hybrid (Carbon+Gel),214693748,16882,180818,1.96,36427.18,108.39,Optimized
5000,Tropical Forest Edge,Nano-Cellulose,106219292,5745,104182,1.27,17695.98,60.95,Optimized
100000,Tropical Forest Edge,Hybrid (Carbon+Gel),2185073417,133587,2265793,1.46,309110.78,64.43,Optimized
100,Tropical Forest Edge,Zeolite,2485528,145,3199,1.85,431.03,57.83,Optimized
10000,Tropical Forest Edge,Mycelium,275398919,20885,394318,2.4,26582.37,60.86,Optimized
500,Tropical Forest Edge,Mycelium,12444950,798,11406,2.32,1736.3,101.7,Optimized
10000,Urban Dense,Hybrid (Carbon+Gel),252396479,17313,143620,1.23,42466.79,85.63,Optimized
100000,Industrial,Zeolite,2029613217,67304,2956713,2.09,300475.47,70.68,Optimized
100000,Coastal,Mycelium,2181784246,138864,1863803,1.83,434074.71,98.18,Optimized
500,Urban Dense,Nano-Cellulose,11981362,575,17344,1.83,1305.96,52.76,Optimized
10000,Smog Belt,Mycelium,214334758,12587,113530,2.23,33506.01,196.4,Needs filter redesign
1000,Smog Belt,Mycelium,23084690,1203,14457,2.34,4128.88,161.85,Needs filter redesign
25000,Industrial,Hybrid (Carbon+Gel),525383647,27382,546106,1.42,97917.96,65.0,Optimized
50000,Urban Dense,Mycelium,1106810105,85260,1600255,2.0,139985.37,62.49,Optimized
50000,Industrial,Hybrid (Carbon+Gel),1110016950,72135,1323628,1.59,169210.87,60.06,Optimized
5000,Urban Dense,Nano-Cellulose,102261681,6090,82284,2.38,16494.23,144.61,Optimized
25000,Tropical Forest Edge,Zeolite,590248296,36499,530466,1.27,63705.16,59.85,Optimized
25000,Tropical Forest Edge,Activated Carbon,471659339,15880,292667,1.5,82826.37,128.12,Optimized
100,Coastal,Hybrid (Carbon+Gel),2346881,80,2615,1.51,428.86,57.75,Optimized
1000,Urban Dense,Hybrid (Carbon+Gel),25418421,855,26670,1.93,3924.98,72.36,Optimized
1000,Urban Dense,Activated Carbon,26412495,1660,29785,2.01,3040.64,67.48,Optimized
500,Smog Belt,Mycelium,9700296,413,6403,1.4,2027.34,109.31,Optimized
5000,Industrial,Nano-Cellulose,117232184,4141,94196,1.65,16229.35,87.58,Optimized
25000,Tropical Forest Edge,Mycelium,519443847,23212,483567,2.27,108871.61,117.35,Optimized
10000,Tropical Forest Edge,Activated Carbon,189347982,7543,222233,2.37,36905.92,106.64,Optimized
1000,Smog Belt,Hybrid (Carbon+Gel),19258715,1222,12341,1.82,4356.66,147.46,Optimized
5000,Coastal,Activated Carbon,122485303,5035,100030,1.27,18096.78,63.48,Optimized
100000,Coastal,Nano-Cellulose,2700026422,137447,3894185,1.42,339722.0,36.46,Optimized
1000,Industrial,Hybrid (Carbon+Gel),25046907,1034,25021,2.22,2842.51,88.72,Optimized
1000,Urban Dense,Mycelium,25737151,1559,13844,1.59,4078.6,114.83,Optimized
25000,Urban Dense,Hybrid (Carbon+Gel),664323088,34610,639861,1.92,71504.88,75.01,Optimized
10000,Coastal,Activated Carbon,239144667,15442,338478,2.11,30005.02,62.33,Optimized
100000,Tropical Forest Edge,Hybrid (Carbon+Gel),2172916912,80165,3059746,1.48,300734.35,48.37,Optimized
25000,Industrial,Activated Carbon,461676095,24615,245778,1.77,70472.73,180.02,Needs filter redesign
25000,Urban Dense,Mycelium,491813229,37700,262403,2.16,96757.27,205.76,Needs filter redesign
50000,Tropical Forest Edge,Nano-Cellulose,1360875311,80190,978600,1.54,205248.5,78.68,Optimized
5000,Industrial,Zeolite,102942926,4686,81705,1.22,17067.06,74.65,Optimized
1000,Industrial,Mycelium,18135037,830,26204,1.51,3766.84,57.62,Optimized
25000,Industrial,Zeolite,625619437,26356,462653,1.65,68121.05,89.15,Optimized
500,Urban Dense,Nano-Cellulose,11400489,734,14930,1.28,1781.97,42.86,Optimized
500,Urban Dense,Nano-Cellulose,13546697,1008,6900,2.0,2184.86,144.91,Optimized
5000,Tropical Forest Edge,Nano-Cellulose,139030713,10022,140528,1.9,21315.86,67.6,Optimized
100,Tropical Forest Edge,Hybrid (Carbon+Gel),2372817,154,3544,1.46,352.66,41.19,Optimized
500,Coastal,Nano-Cellulose,12837180,486,9783,1.47,1364.51,75.12,Optimized
100,Coastal,Activated Carbon,2219115,122,1498,1.35,320.26,90.11,Optimized
5000,Coastal,Mycelium,110708489,5443,62247,1.81,19173.71,145.38,Optimized
5000,Industrial,Zeolite,127458348,10126,128508,1.65,20257.29,64.19,Optimized
100000,Urban Dense,Mycelium,2272841713,148546,1838723,1.83,380909.91,99.52,Optimized
5000,Coastal,Hybrid (Carbon+Gel),130434556,5068,127176,2.49,17377.33,97.89,Optimized
100,Industrial,Nano-Cellulose,1823455,63,951,1.75,412.75,184.07,Needs filter redesign
100,Urban Dense,Hybrid (Carbon+Gel),2486456,175,1715,1.77,362.47,103.22,Optimized
100000,Urban Dense,Hybrid (Carbon+Gel),1836925783,72351,2087720,2.19,262285.92,104.9,Optimized
100000,Coastal,Activated Carbon,2222067316,156807,2653163,2.44,297654.13,91.96,Optimized
500,Industrial,Zeolite,9784579,667,11536,1.78,1368.42,77.15,Optimized
5000,Tropical Forest Edge,Mycelium,91361869,5727,83178,2.48,20363.97,149.07,Optimized
5000,Urban Dense,Nano-Cellulose,111210009,4305,59253,2.16,21931.73,182.26,Needs filter redesign
10000,Urban Dense,Hybrid (Carbon+Gel),241300271,9545,275272,1.69,43365.52,61.39,Optimized
50000,Smog Belt,Zeolite,1393384553,52245,2035436,2.1,176913.15,51.58,Optimized
5000,Coastal,Nano-Cellulose,127874191,7517,177517,1.71,18458.57,48.16,Optimized
100,Urban Dense,Activated Carbon,2071192,67,2751,2.48,295.15,90.15,Optimized
25000,Urban Dense,Mycelium,497931330,23851,495931,2.34,63466.16,117.95,Optimized
1000,Urban Dense,Nano-Cellulose,24130060,844,23006,2.35,2907.21,102.14,Optimized
100,Industrial,Nano-Cellulose,1876539,104,1152,1.4,359.91,121.47,Optimized
50000,Smog Belt,Mycelium,1141785733,49819,1479100,1.67,217476.0,56.45,Optimized
500,Tropical Forest Edge,Mycelium,10194057,407,13319,2.43,1635.85,91.22,Optimized
25000,Smog Belt,Zeolite,461015429,32737,392359,2.35,74261.83,149.72,Optimized
50000,Urban Dense,Activated Carbon,1010940939,38540,874500,2.12,161551.97,121.21,Optimized
5000,Tropical Forest Edge,Hybrid (Carbon+Gel),92680500,3425,111266,1.28,21166.88,57.52,Optimized
500,Tropical Forest Edge,Nano-Cellulose,10600795,349,12140,2.14,1617.11,88.14,Optimized
25000,Urban Dense,Zeolite,695978883,38895,1002094,1.93,111756.8,48.15,Optimized
50000,Coastal,Mycelium,1177367283,39493,838983,2.12,167561.55,126.34,Optimized
10000,Tropical Forest Edge,Mycelium,227508905,9773,259193,1.31,26059.68,50.54,Optimized
100000,Coastal,Activated Carbon,2379198039,130987,2978084,1.59,251167.01,53.39,Optimized
5000,Tropical Forest Edge,Hybrid (Carbon+Gel),115830144,3505,152805,2.3,21830.06,75.26,Optimized
100000,Industrial,Activated Carbon,1830310515,78913,1171204,2.36,284897.14,201.49,Needs filter redesign
1000,Coastal,Mycelium,27531054,1905,37171,1.33,2767.79,35.78,Optimized
100,Coastal,Mycelium,2630168,101,3123,2.4,292.69,76.84,Optimized
100,Coastal,Activated Carbon,2745858,114,3465,1.52,355.23,43.86,Optimized
25000,Urban Dense,Hybrid (Carbon+Gel),553412299,21992,508406,2.22,78846.05,109.16,Optimized
5000,Tropical Forest Edge,Hybrid (Carbon+Gel),128869260,7315,192708,2.1,16192.28,54.48,Optimized
25000,Industrial,Zeolite,495155597,31885,290031,2.24,103038.95,193.06,Needs filter redesign
5000,Coastal,Mycelium,99324226,3186,75940,1.86,21181.49,122.46,Optimized
25000,Coastal,Zeolite,533036931,28156,363456,1.43,109260.67,98.35,Optimized
100000,Industrial,Zeolite,2262282877,106828,2530579,1.23,272372.18,48.6,Optimized
100000,Tropical Forest Edge,Nano-Cellulose,2170452362,102847,1639977,1.92,263991.3,117.07,Optimized
50000,Smog Belt,Mycelium,1045212798,68479,663087,1.32,141938.18,99.52,Optimized
500,Coastal,Zeolite,12704193,660,8240,2.28,1816.06,138.34,Optimized
50000,Coastal,Activated Carbon,997747122,75805,1182383,1.92,198377.74,81.19,Optimized
500,Tropical Forest Edge,Nano-Cellulose,10124499,621,12354,1.91,1668.41,77.3,Optimized
50000,Industrial,Zeolite,1135696632,38812,796582,1.72,172676.02,107.96,Optimized
1000,Tropical Forest Edge,Zeolite,20732228,1362,30395,2.24,2950.43,73.69,Optimized
500,Smog Belt,Hybrid (Carbon+Gel),13045030,1022,11256,1.57,1615.42,69.73,Optimized
5000,Smog Belt,Zeolite,105882648,5626,124250,2.49,14260.12,100.2,Optimized
500,Urban Dense,Activated Carbon,11299138,655,5985,1.87,1435.22,156.21,Needs filter redesign
10000,Urban Dense,Zeolite,209392253,9841,221188,2.16,30041.45,97.65,Optimized
5000,Urban Dense,Nano-Cellulose,98251363,3416,126630,1.89,18483.79,74.62,Optimized
100,Tropical Forest Edge,Hybrid (Carbon+Gel),2655928,159,1768,2.25,254.83,127.27,Optimized
100,Smog Belt,Mycelium,1940866,134,2432,1.4,324.11,57.55,Optimized
10000,Coastal,Nano-Cellulose,240142550,12344,180886,1.72,31617.83,95.08,Optimized
100,Tropical Forest Edge,Hybrid (Carbon+Gel),2256670,120,1495,1.74,402.47,116.36,Optimized
10000,Smog Belt,Zeolite,202994388,6318,247731,2.2,31054.39,88.8,Optimized
500,Coastal,Zeolite,11263993,584,10035,2.32,1939.95,115.58,Optimized
100000,Smog Belt,Mycelium,2704042385,144316,2201707,1.81,439130.41,82.2,Optimized
25000,Industrial,Activated Carbon,678476725,23853,566832,1.41,110080.9,62.19,Optimized
50000,Tropical Forest Edge,Zeolite,1358008908,43008,1185623,1.81,190352.44,76.33,Optimized
500,Industrial,Activated Carbon,10629373,605,5516,1.48,1561.9,134.15,Optimized
100,Tropical Forest Edge,Activated Carbon,2649902,121,1583,1.48,300.39,93.47,Optimized
500,Urban Dense,Activated Carbon,13629251,574,17829,1.36,1298.99,38.14,Optimized
1000,Tropical Forest Edge,Nano-Cellulose,24339062,1661,20844,2.16,3433.01,103.62,Optimized
1000,Tropical Forest Edge,Zeolite,21616581,1324,24665,1.94,4273.47,78.65,Optimized
25000,Tropical Forest Edge,Zeolite,613388862,28726,834125,1.55,65210.12,46.45,Optimized
100000,Tropical Forest Edge,Nano-Cellulose,2176850547,66680,1976050,2.36,276430.5,119.43,Optimized
100,Smog Belt,Hybrid (Carbon+Gel),2452351,101,2423,2.38,447.35,98.23,Optimized
100,Coastal,Hybrid (Carbon+Gel),2443412,111,2219,2.05,273.73,92.4,Optimized
5000,Industrial,Activated Carbon,107367270,3855,136594,1.57,13488.13,57.47,Optimized
5000,Coastal,Nano-Cellulose,112807342,4222,85815,2.44,20541.47,142.16,Optimized
50000,Industrial,Activated Carbon,1102633496,52371,949373,1.96,168751.11,103.22,Optimized
100,Urban Dense,Nano-Cellulose,2217044,147,1121,2.48,293.5,221.24,Needs filter redesign
100,Coastal,Zeolite,2781235,100,2049,1.88,332.63,91.74,Optimized
500,Urban Dense,Mycelium,10623537,643,11367,1.49,1655.1,65.54,Optimized
25000,Smog Belt,Mycelium,540648916,22280,800640,2.46,108224.0,76.81,Optimized
5000,Smog Belt,Nano-Cellulose,92632349,6897,59864,2.2,21545.03,183.73,Needs filter redesign
500,Tropical Forest Edge,Hybrid (Carbon+Gel),10846516,606,11744,2.25,1477.89,95.79,Optimized
5000,Tropical Forest Edge,Activated Carbon,134074421,4177,93349,1.39,19753.08,74.45,Optimized
500,Coastal,Zeolite,13188859,814,17174,1.88,1691.67,54.73,Optimized
1000,Coastal,Activated Carbon,22810150,1506,30789,1.31,3391.41,42.55,Optimized
10000,Urban Dense,Zeolite,217096317,15558,298779,2.17,26083.94,72.63,Optimized
10000,Tropical Forest Edge,Nano-Cellulose,191738145,13982,115954,1.65,25480.7,142.28,Optimized
500,Coastal,Zeolite,9921644,379,5889,1.41,1529.01,119.71,Optimized
5000,Coastal,Zeolite,131673794,7344,115136,2.39,15132.65,103.78,Optimized
10000,Urban Dense,Mycelium,194640248,8015,132334,2.5,37655.1,188.9,Needs filter redesign
1000,Coastal,Zeolite,18683799,831,12264,1.86,2551.45,151.65,Needs filter redesign
50000,Industrial,Nano-Cellulose,1133439269,82005,1502663,1.83,171719.22,60.89,Optimized
5000,Tropical Forest Edge,Activated Carbon,104574916,3225,101875,1.25,12800.49,61.35,Optimized
25000,Urban Dense,Mycelium,517652640,29971,346585,1.45,111723.35,104.58,Optimized
50000,Urban Dense,Mycelium,1375619712,109054,1698788,1.29,210859.22,37.97,Optimized
5000,Tropical Forest Edge,Activated Carbon,116141689,9098,76346,1.59,18566.72,104.12,Optimized
1000,Tropical Forest Edge,Activated Carbon,19359691,879,12924,2.41,3246.59,186.46,Needs filter redesign
1000,Coastal,Hybrid (Carbon+Gel),26237285,1392,17293,1.36,3038.05,78.64,Optimized
500,Coastal,Activated Carbon,11422087,434,9099,1.33,1610.52,73.08,Optimized
100,Coastal,Zeolite,2407460,136,1472,1.66,356.53,112.78,Optimized
10000,Coastal,Zeolite,228710703,8539,116004,2.01,37335.49,173.26,Needs filter redesign
500,Coastal,Nano-Cellulose,12560369,559,11495,2.38,2147.08,103.52,Optimized
5000,Industrial,Activated Carbon,97186521,6124,130209,1.72,20801.82,66.04,Optimized
100,Coastal,Mycelium,2420499,111,3484,2.41,441.74,69.18,Optimized
10000,Coastal,Nano-Cellulose,249954995,19561,169156,2.23,26223.26,131.82,Optimized
100,Urban Dense,Mycelium,2589181,108,1785,2.35,316.52,131.66,Optimized
5000,Urban Dense,Activated Carbon,128897652,7747,177744,2.44,19449.24,68.64,Optimized
100000,Smog Belt,Nano-Cellulose,2347196196,185156,1809550,1.7,439824.22,93.94,Optimized
25000,Tropical Forest Edge,Mycelium,669006076,34413,713572,2.08,77111.15,72.87,Optimized
50000,Coastal,Nano-Cellulose,1266158824,66714,957791,1.84,201330.93,96.05,Optimized
500,Urban Dense,Hybrid (Carbon+Gel),10203221,657,10511,1.87,1479.38,88.95,Optimized
100000,Industrial,Mycelium,2163293410,100987,1889842,1.29,416355.03,68.26,Optimized
25000,Urban Dense,Hybrid (Carbon+Gel),575712923,35791,831438,1.49,97518.53,44.8,Optimized
50000,Urban Dense,Activated Carbon,941558299,60582,1109445,1.59,215071.21,71.65,Optimized
500,Coastal,Activated Carbon,12045855,652,13317,1.84,2191.84,69.08,Optimized
10000,Smog Belt,Hybrid (Carbon+Gel),270168329,18075,394996,1.29,35359.24,32.66,Optimized
500,Urban Dense,Hybrid (Carbon+Gel),13907270,845,9028,1.85,1805.48,102.45,Optimized
5000,Tropical Forest Edge,Activated Carbon,101097007,6272,103921,2.15,19534.69,103.44,Optimized
1000,Tropical Forest Edge,Nano-Cellulose,26357400,1030,27710,1.57,3229.03,56.66,Optimized
100,Tropical Forest Edge,Zeolite,1939033,94,2817,2.02,445.83,71.71,Optimized
10000,Coastal,Zeolite,219037246,12896,110766,1.99,43635.06,179.64,Needs filter redesign
25000,Coastal,Zeolite,522646337,24880,779368,1.67,87526.6,53.57,Optimized
100000,Coastal,Nano-Cellulose,2475950803,111649,1489398,1.89,302919.15,126.89,Optimized
50000,Coastal,Mycelium,1171795444,83048,1234119,1.65,139064.12,66.84,Optimized
50000,Tropical Forest Edge,Zeolite,1133232357,71987,1563536,1.99,207486.34,63.63,Optimized
50000,Tropical Forest Edge,Nano-Cellulose,1198433697,61069,1771303,2.42,159206.83,68.31,Optimized
50000,Tropical Forest Edge,Mycelium,1203101103,44251,1484214,2.0,212899.33,67.37,Optimized
5000,Coastal,Hybrid (Carbon+Gel),130759962,9061,92655,2.04,13432.38,110.07,Optimized
25000,Industrial,Zeolite,529527665,42165,683954,1.94,89061.63,70.91,Optimized
5000,Smog Belt,Hybrid (Carbon+Gel),109199440,7866,90245,2.25,13926.45,124.65,Optimized
1000,Coastal,Hybrid (Carbon+Gel),26677613,2084,33530,1.65,3911.57,49.21,Optimized
100,Urban Dense,Zeolite,2677054,145,1943,2.17,360.95,111.68,Optimized
100000,Industrial,Nano-Cellulose,2522147876,192669,3491047,2.21,351914.65,63.3,Optimized
1000,Tropical Forest Edge,Hybrid (Carbon+Gel),23414832,1566,31090,1.89,3884.64,60.79,Optimized
500,Tropical Forest Edge,Zeolite,13350152,594,19952,1.2,1536.96,30.07,Optimized
10000,Industrial,Activated Carbon,275606091,15078,399278,1.21,38497.21,30.3,Optimized
500,Coastal,Mycelium,10732314,495,6858,2.48,1857.93,180.8,Needs filter redesign
1000,Urban Dense,Hybrid (Carbon+Gel),26253013,1334,34113,1.52,3542.56,44.56,Optimized
5000,Smog Belt,Hybrid (Carbon+Gel),109110493,8476,120096,1.94,20118.45,80.76,Optimized
50000,Tropical Forest Edge,Zeolite,981779239,60093,828481,1.95,138494.34,117.68,Optimized
10000,Industrial,Nano-Cellulose,229613833,16411,326858,2.06,44220.51,63.02,Optimized
1000,Industrial,Zeolite,23642012,1744,15651,2.37,3825.6,151.41,Needs filter redesign
100,Tropical Forest Edge,Activated Carbon,2544638,155,3797,1.97,330.82,51.89,Optimized
25000,Industrial,Hybrid (Carbon+Gel),676271756,49982,970900,1.52,107415.68,39.14,Optimized
10000,Tropical Forest Edge,Hybrid (Carbon+Gel),193182602,9885,173145,1.38,32459.9,79.7,Optimized
25000,Urban Dense,Nano-Cellulose,678617173,32570,931386,2.44,75172.63,65.49,Optimized
10000,Coastal,Activated Carbon,262807321,18897,380517,1.34,34634.42,35.21,Optimized
100,Urban Dense,Zeolite,1841307,70,1380,1.36,354.45,98.56,Optimized
25000,Smog Belt,Hybrid (Carbon+Gel),692614854,43234,443287,2.34,63657.39,131.96,Optimized
25000,Industrial,Zeolite,505861402,22133,483020,1.96,85471.27,101.44,Optimized
100,Industrial,Nano-Cellulose,2656699,110,2183,1.87,416.44,85.68,Optimized
25000,Urban Dense,Mycelium,545371522,19019,716168,1.99,111491.88,69.47,Optimized
500,Smog Belt,Mycelium,9603680,606,12020,2.21,1787.43,91.93,Optimized
5000,Smog Belt,Zeolite,106322146,6101,116997,1.63,18786.23,69.66,Optimized
10000,Tropical Forest Edge,Mycelium,212429145,12631,147337,1.57,25291.71,106.55,Optimized
1000,Industrial,Hybrid (Carbon+Gel),24579324,1308,24871,1.38,4445.52,55.48,Optimized
1000,Smog Belt,Hybrid (Carbon+Gel),26343407,909,14535,2.3,4042.83,158.23,Needs filter redesign
50000,Industrial,Activated Carbon,1234751782,60809,656318,2.42,207745.62,184.34,Needs filter redesign
1000,Tropical Forest Edge,Activated Carbon,21472753,1468,31200,2.16,3790.23,69.23,Optimized
100000,Smog Belt,Zeolite,1943923064,119997,2785925,1.71,364044.08,61.38,Optimized
500,Smog Belt,Activated Carbon,12331262,723,8003,1.86,1885.79,116.2,Optimized
500,Coastal,Nano-Cellulose,9437934,500,6552,2.3,2181.26,175.52,Needs filter redesign
25000,Urban Dense,Mycelium,611261860,27644,531392,1.66,76589.87,78.09,Optimized
25000,Smog Belt,Activated Carbon,454952363,15883,298806,1.97,75324.05,164.81,Needs filter redesign
100,Industrial,Zeolite,2002730,72,2185,1.64,442.73,75.07,Optimized
500,Smog Belt,Zeolite,9459188,531,10906,1.96,2227.81,89.85,Optimized
100,Tropical Forest Edge,Hybrid (Carbon+Gel),2170172,137,2304,2.24,342.89,97.2,Optimized
5000,Urban Dense,Mycelium,106494891,7684,119705,2.28,20587.52,95.23,Optimized
100000,Smog Belt,Activated Carbon,2585002790,126745,3535203,1.83,330851.33,51.76,Optimized
25000,Urban Dense,Zeolite,592957373,45770,622818,2.22,97604.11,89.1,Optimized
10000,Tropical Forest Edge,Hybrid (Carbon+Gel),218339460,11283,212785,1.63,30124.36,76.6,Optimized
50000,Tropical Forest Edge,Zeolite,1295415139,42446,1282503,2.11,182546.26,82.26,Optimized
100000,Tropical Forest Edge,Activated Carbon,2619651064,86370,3011191,2.3,253693.69,76.38,Optimized
100,Urban Dense,Mycelium,2304547,167,2939,2.47,399.52,84.02,Optimized
100,Industrial,Activated Carbon,2691482,189,1754,1.47,449.34,83.78,Optimized
1000,Industrial,Nano-Cellulose,20542822,1179,11985,1.5,3314.38,125.14,Optimized
5000,Tropical Forest Edge,Zeolite,95577184,6829,77996,1.7,14244.09,108.97,Optimized
1000,Smog Belt,Zeolite,21418522,780,27068,1.91,2650.08,70.56,Optimized
25000,Coastal,Nano-Cellulose,583333342,40102,660146,2.25,97930.59,85.2,Optimized
50000,Coastal,Nano-Cellulose,1287252030,73818,1404406,2.23,170910.84,79.39,Optimized
100000,Industrial,Nano-Cellulose,1804825038,78339,2259856,2.12,445316.69,93.81,Optimized
50000,Coastal,Nano-Cellulose,1159533775,86357,1645750,1.33,146854.79,40.4,Optimized
50000,Coastal,Nano-Cellulose,1140980157,77997,997698,2.4,162841.56,120.27,Optimized
25000,Urban Dense,Activated Carbon,648667575,25794,565868,1.77,74944.73,78.19,Optimized
10000,Industrial,Mycelium,278690991,14715,310361,1.31,42758.94,42.21,Optimized
500,Tropical Forest Edge,Nano-Cellulose,13461054,948,18708,2.02,1750.79,53.98,Optimized
50000,Industrial,Zeolite,1086382886,60797,1162209,1.83,139597.85,78.73,Optimized
500,Tropical Forest Edge,Activated Carbon,9902822,663,10705,2.44,1456.92,113.96,Optimized
50000,Urban Dense,Nano-Cellulose,1014733504,56554,689533,1.59,177849.41,115.29,Optimized
5000,Smog Belt,Mycelium,90997784,4858,74019,2.1,19302.26,141.85,Optimized
5000,Industrial,Zeolite,103566883,5251,99273,2.46,19583.49,123.89,Optimized
50000,Coastal,Zeolite,1384491206,107601,1342214,2.38,189877.81,88.65,Optimized
100,Urban Dense,Hybrid (Carbon+Gel),2085977,111,2455,2.18,425.68,88.79,Optimized
1000,Urban Dense,Activated Carbon,20759980,1557,28443,1.85,3917.21,65.04,Optimized
100,Tropical Forest Edge,Mycelium,2585384,125,1673,1.28,319.24,76.49,Optimized
5000,Smog Belt,Zeolite,92548991,5668,80032,1.93,15896.03,120.57,Optimized
5000,Industrial,Nano-Cellulose,95557784,5367,75478,1.42,13508.43,94.06,Optimized
25000,Smog Belt,Zeolite,646235042,34812,960915,1.63,106020.31,42.41,Optimized
500,Coastal,Zeolite,12593939,448,10675,2.01,1704.87,94.14,Optimized
5000,Industrial,Zeolite,117929690,4408,116351,1.91,18956.21,82.08,Optimized
100,Tropical Forest Edge,Hybrid (Carbon+Gel),1889046,97,1309,1.31,334.41,100.07,Optimized
50000,Coastal,Hybrid (Carbon+Gel),1027685956,62657,1409204,1.38,189954.27,48.96,Optimized
10000,Industrial,Nano-Cellulose,211622599,15580,109845,2.02,26398.54,183.87,Needs filter redesign
5000,Tropical Forest Edge,Mycelium,128446371,10008,174736,1.61,16923.81,46.07,Optimized
500,Tropical Forest Edge,Zeolite,12135782,417,6089,1.26,2151.38,103.46,Optimized
10000,Coastal,Activated Carbon,235626475,13905,169446,1.51,44114.34,89.11,Optimized
100000,Smog Belt,Nano-Cellulose,2381926501,188948,2218159,1.76,276510.94,79.34,Optimized
100,Smog Belt,Nano-Cellulose,2738393,110,3015,1.85,368.6,61.36,Optimized
100000,Smog Belt,Activated Carbon,2115313197,126298,2191237,1.25,273635.42,57.04,Optimized
5000,Industrial,Activated Carbon,129203009,9594,119791,1.53,16567.13,63.86,Optimized
50000,Urban Dense,Zeolite,1175141992,43351,1428763,1.69,198921.6,59.14,Optimized
50000,Tropical Forest Edge,Mycelium,974071880,74616,501272,1.27,136410.05,126.66,Optimized
100,Industrial,Mycelium,2353672,159,2190,2.48,315.92,113.23,Optimized
5000,Urban Dense,Activated Carbon,95553308,3964,53535,1.4,19303.2,130.75,Optimized
500,Urban Dense,Nano-Cellulose,12987508,1021,14583,1.61,2221.82,55.2,Optimized
5000,Urban Dense,Nano-Cellulose,110167149,3970,98423,1.99,19199.59,101.09,Optimized
100000,Coastal,Activated Carbon,1910750516,57904,2590985,1.9,253282.92,73.33,Optimized
5000,Urban Dense,Nano-Cellulose,122741203,5447,92183,2.28,12769.82,123.66,Optimized
1000,Industrial,Nano-Cellulose,26445049,916,30139,2.34,3482.97,77.64,Optimized
100,Coastal,Zeolite,2524887,162,1851,2.18,359.4,117.79,Optimized
500,Smog Belt,Zeolite,11079788,737,8437,1.46,1480.19,86.51,Optimized
100,Industrial,Nano-Cellulose,2461362,136,3271,2.19,403.27,66.95,Optimized
10000,Industrial,Mycelium,264491850,14151,267374,2.49,28298.0,93.12,Optimized
500,Tropical Forest Edge,Zeolite,9325118,519,6146,2.03,1836.94,165.12,Needs filter redesign
1000,Tropical Forest Edge,Activated Carbon,18483514,956,19984,1.44,3396.28,72.05,Optimized
5000,Industrial,Nano-Cellulose,95217748,7078,124207,2.0,15068.39,80.51,Optimized
25000,Smog Belt,Mycelium,483878175,15930,469445,1.97,77836.53,104.91,Optimized
100,Smog Belt,Activated Carbon,2054083,68,1300,2.09,441.65,160.75,Needs filter redesign
50000,Smog Belt,Zeolite,1118278204,35654,956484,2.01,130497.73,105.07,Optimized
5000,Smog Belt,Mycelium,111958165,3749,96131,1.51,14344.8,78.54,Optimized
50000,Industrial,Mycelium,1237599140,68066,1309922,1.8,204167.54,68.7,Optimized
100000,Tropical Forest Edge,Activated Carbon,2078144338,70370,1243815,1.27,268320.81,102.1,Optimized
10000,Smog Belt,Zeolite,254426699,18528,156946,1.34,39743.11,85.37,Optimized
1000,Industrial,Mycelium,24581401,1728,35925,2.14,4365.4,59.57,Optimized
10000,Tropical Forest Edge,Nano-Cellulose,187781113,12631,126165,2.12,26409.23,168.02,Needs filter redesign
100,Tropical Forest Edge,Activated Carbon,2106542,91,1078,1.59,251.56,147.44,Optimized
500,Urban Dense,Mycelium,12421361,703,14880,2.15,1684.01,72.24,Optimized
25000,Urban Dense,Activated Carbon,582690383,38612,642562,1.55,108425.13,60.3,Optimized
500,Industrial,Hybrid (Carbon+Gel),12110652,956,17114,2.14,2219.59,62.52,Optimized
100000,Industrial,Mycelium,1987197504,83997,2285844,2.38,341194.48,104.12,Optimized
500,Smog Belt,Nano-Cellulose,12442687,497,10302,1.58,1570.32,76.68,Optimized
500,Industrial,Mycelium,11759858,673,10808,2.31,1637.12,106.85,Optimized
100000,Coastal,Hybrid (Carbon+Gel),1885303731,59924,984602,1.44,341922.0,146.24,Optimized
25000,Industrial,Zeolite,512960114,39247,325478,2.16,111571.62,165.89,Needs filter redesign
50000,Coastal,Hybrid (Carbon+Gel),1313822375,74369,1061927,1.88,224863.71,88.51,Optimized
500,Urban Dense,Hybrid (Carbon+Gel),9375208,704,7042,1.7,2026.01,120.69,Optimized
5000,Tropical Forest Edge,Hybrid (Carbon+Gel),132481679,5654,183990,2.32,19445.13,63.05,Optimized
5000,Smog Belt,Zeolite,102653016,4480,120349,1.83,17433.11,76.03,Optimized
10000,Industrial,Mycelium,211753907,7818,196674,2.26,25607.7,114.91,Optimized
100000,Coastal,Mycelium,1815424123,144459,2099968,2.15,264985.3,102.38,Optimized
100,Urban Dense,Zeolite,1864084,108,2753,2.39,334.87,86.82,Optimized
100,Industrial,Zeolite,2282908,99,2449,1.57,322.07,64.11,Optimized
500,Coastal,Activated Carbon,13833443,653,10476,2.42,2151.84,115.49,Optimized
100,Urban Dense,Mycelium,1848836,79,2537,1.54,362.81,60.69,Optimized
1000,Tropical Forest Edge,Hybrid (Carbon+Gel),18095305,1015,12898,2.15,4227.83,166.68,Needs filter redesign
1000,Tropical Forest Edge,Zeolite,21554409,1002,16254,1.69,2613.57,103.97,Optimized
25000,Tropical Forest Edge,Nano-Cellulose,570453805,24625,702450,1.67,74272.72,59.43,Optimized
1000,Tropical Forest Edge,Hybrid (Carbon+Gel),23531192,918,18477,1.94,2897.07,104.99,Optimized
100000,Urban Dense,Hybrid (Carbon+Gel),2526678773,100397,2669000,1.82,270985.17,68.19,Optimized
5000,Urban Dense,Nano-Cellulose,121565378,9160,131736,1.3,16798.17,49.34,Optimized
1000,Coastal,Hybrid (Carbon+Gel),27905263,1455,26746,2.17,2773.01,81.13,Optimized
5000,Urban Dense,Mycelium,139879840,9131,137882,1.69,16214.35,61.28,Optimized
500,Urban Dense,Hybrid (Carbon+Gel),9518772,390,11949,1.54,2142.21,64.44,Optimized
1000,Coastal,Nano-Cellulose,20703141,1641,24332,1.93,2782.52,79.31,Optimized
500,Coastal,Zeolite,12697544,867,13218,1.33,2018.94,50.31,Optimized
5000,Urban Dense,Mycelium,96494801,6843,67948,1.61,17175.14,118.46,Optimized
100000,Tropical Forest Edge,Activated Carbon,1831426090,71904,2263201,2.19,383193.23,96.76,Optimized
100000,Smog Belt,Zeolite,2476496331,132968,1885457,2.33,306921.93,123.57,Optimized
100000,Tropical Forest Edge,Nano-Cellulose,2078658048,114613,2998927,1.54,429758.53,51.35,Optimized
50000,Urban Dense,Activated Carbon,1090545343,82080,637768,1.58,211242.67,123.85,Optimized
100000,Tropical Forest Edge,Mycelium,2204805923,145780,3252932,2.07,430241.9,63.63,Optimized
5000,Tropical Forest Edge,Hybrid (Carbon+Gel),132062029,9256,91870,1.47,14884.25,80.0,Optimized
25000,Urban Dense,Mycelium,697036635,54364,749387,1.93,80241.71,64.38,Optimized
100,Smog Belt,Nano-Cellulose,2029412,145,1806,1.25,291.53,69.21,Optimized
100000,Industrial,Hybrid (Carbon+Gel),2057602168,119515,1234874,2.34,437121.72,189.47,Needs filter redesign
25000,Smog Belt,Mycelium,515717441,37399,323547,1.92,92078.74,148.34,Optimized
50000,Coastal,Activated Carbon,1146774499,54619,1707426,2.25,133965.55,65.89,Optimized
500,Tropical Forest Edge,Mycelium,11292648,534,8947,1.96,1771.98,109.53,Optimized
100,Smog Belt,Hybrid (Carbon+Gel),2459120,186,2089,1.72,293.27,82.31,Optimized
100000,Industrial,Mycelium,2140152056,145643,1553603,1.85,439455.73,119.07,Optimized
500,Coastal,Hybrid (Carbon+Gel),11759831,917,10090,2.11,1381.76,104.55,Optimized
1000,Coastal,Hybrid (Carbon+Gel),27687611,1718,25219,2.21,3744.55,87.63,Optimized
1000,Industrial,Activated Carbon,24819577,1141,32352,2.44,3229.87,75.42,Optimized
10000,Urban Dense,Activated Carbon,262699861,8748,362723,1.55,43734.09,42.73,Optimized
100000,Industrial,Zeolite,2292541834,172696,2575968,2.33,255780.09,90.45,Optimized
10000,Urban Dense,Activated Carbon,249534842,15750,172860,1.9,26315.75,109.91,Optimized
100,Smog Belt,Hybrid (Carbon+Gel),1966757,60,1457,1.9,351.91,130.37,Optimized
10000,Urban Dense,Mycelium,232749594,10376,285533,1.44,25393.2,50.43,Optimized
500,Smog Belt,Activated Carbon,13246643,869,7776,1.53,2025.19,98.37,Optimized
500,Tropical Forest Edge,Activated Carbon,12394643,561,15939,1.7,1762.0,53.33,Optimized
100,Industrial,Activated Carbon,2626734,110,1576,1.65,270.81,104.67,Optimized
50000,Urban Dense,Hybrid (Carbon+Gel),1039457115,72659,1131079,1.47,137442.52,64.98,Optimized
50000,Coastal,Nano-Cellulose,1276110415,100787,1868268,2.27,213243.35,60.75,Optimized
25000,Coastal,Zeolite,685023440,53730,437539,1.64,110846.51,93.69,Optimized
1000,Coastal,Activated Carbon,24159535,1060,29276,1.85,2726.6,63.19,Optimized
25000,Smog Belt,Activated Carbon,676078877,21053,346640,2.24,89374.03,161.54,Needs filter redesign
5000,Coastal,Activated Carbon,94275316,5167,84926,2.27,21031.67,133.64,Optimized
100,Coastal,Nano-Cellulose,2446704,74,2867,1.55,254.95,54.07,Optimized
500,Smog Belt,Hybrid (Carbon+Gel),12052340,752,14987,2.4,1874.65,80.07,Optimized
5000,Industrial,Activated Carbon,134779468,6409,158345,1.73,14875.09,54.63,Optimized
100000,Tropical Forest Edge,Zeolite,2690868089,183005,2246683,2.39,289392.5,106.37,Optimized
50000,Industrial,Mycelium,1089085986,34548,1543298,1.95,134183.17,63.17,Optimized
25000,Smog Belt,Mycelium,470556110,36768,495546,1.6,99020.44,80.71,Optimized
500,Industrial,Hybrid (Carbon+Gel),12817051,931,15401,1.57,2076.74,50.97,Optimized
25000,Coastal,Nano-Cellulose,533626006,23740,649012,1.96,63299.62,75.5,Optimized
100,Industrial,Nano-Cellulose,2343062,104,3032,1.99,307.12,65.63,Optimized
500,Urban Dense,Zeolite,10310542,332,9809,1.73,2045.77,88.18,Optimized
1000,Tropical Forest Edge,Zeolite,19477425,1395,16724,2.39,3360.27,142.9,Optimized
500,Urban Dense,Mycelium,9537901,332,6795,2.05,2161.32,150.84,Needs filter redesign
5000,Coastal,Hybrid (Carbon+Gel),109654579,7915,120038,1.86,17009.25,77.47,Optimized
500,Industrial,Nano-Cellulose,12178985,939,16331,2.34,1368.39,71.64,Optimized
25000,Tropical Forest Edge,Hybrid (Carbon+Gel),677436889,44671,813182,2.09,82067.5,64.25,Optimized
50000,Tropical Forest Edge,Activated Carbon,1294763413,97588,1351701,2.17,206773.26,80.26,Optimized
50000,Coastal,Zeolite,1108639620,38328,1629288,2.24,137872.75,68.74,Optimized
100,Urban Dense,Activated Carbon,2154125,134,1792,1.69,396.89,94.31,Optimized
